q_id,group,method_label,score,accuracy,reasoning,hallucination,bim_insight,type,difficulty,retrieval_ms,latency_ms,n_retrieved,truncated,corpus
0,I,RAPTOR,,,,,,multi_hop_topological,Expert,506,3825,0,False,idp_only
0,J,HyDE+Fusion,,,,,,multi_hop_topological,Expert,6613,10710,3,False,idp_only
0,K,Corrective-RAG,,,,,,multi_hop_topological,Expert,8232,18646,3,False,idp_only
1,I,RAPTOR,,,,,,analytical_aggregation,Hard,498,10970,1,False,idp_only
1,J,HyDE+Fusion,,,,,,analytical_aggregation,Hard,15416,20185,1,False,idp_only
1,K,Corrective-RAG,,,,,,analytical_aggregation,Hard,4626,9343,3,False,idp_only
2,I,RAPTOR,,,,,,multi_hop_topological,Expert,372,6873,0,False,idp_only
2,J,HyDE+Fusion,,,,,,multi_hop_topological,Expert,6136,18003,3,False,idp_only
2,K,Corrective-RAG,,,,,,multi_hop_topological,Expert,4560,15120,1,False,idp_only
3,I,RAPTOR,,,,,,multi_hop_topological,Expert,225,7191,0,False,idp_only
3,J,HyDE+Fusion,,,,,,multi_hop_topological,Expert,9337,20926,3,False,idp_only
3,K,Corrective-RAG,,,,,,multi_hop_topological,Expert,4346,13774,4,False,idp_only
4,I,RAPTOR,,,,,,spatial_awareness,High,225,12555,1,False,idp_only
4,J,HyDE+Fusion,,,,,,spatial_awareness,High,5711,15148,4,False,idp_only
4,K,Corrective-RAG,,,,,,spatial_awareness,High,4206,8980,3,False,idp_only
5,I,RAPTOR,,,,,,multi_hop_topological,Expert,281,4009,0,False,idp_only
5,J,HyDE+Fusion,,,,,,multi_hop_topological,Expert,5962,10208,4,False,idp_only
5,K,Corrective-RAG,,,,,,multi_hop_topological,Expert,4135,14149,3,False,idp_only
6,I,RAPTOR,,,,,,spatial_awareness,High,219,7806,1,False,idp_only
6,J,HyDE+Fusion,,,,,,spatial_awareness,High,6608,14965,5,False,idp_only
6,K,Corrective-RAG,,,,,,spatial_awareness,High,4419,9545,1,False,idp_only
7,I,RAPTOR,,,,,,analytical_aggregation,Hard,256,5534,0,False,idp_only
7,J,HyDE+Fusion,,,,,,analytical_aggregation,Hard,5719,10623,1,False,idp_only
7,K,Corrective-RAG,,,,,,analytical_aggregation,Hard,4301,17566,3,False,idp_only
8,I,RAPTOR,,,,,,spatial_awareness,High,242,9437,1,False,idp_only
8,J,HyDE+Fusion,,,,,,spatial_awareness,High,6409,15841,4,False,idp_only
8,K,Corrective-RAG,,,,,,spatial_awareness,High,4542,13069,3,False,idp_only
9,I,RAPTOR,,,,,,spatial_awareness,High,226,8315,1,False,idp_only
9,J,HyDE+Fusion,,,,,,spatial_awareness,High,5273,13645,3,False,idp_only
9,K,Corrective-RAG,,,,,,spatial_awareness,High,4727,9203,1,False,idp_only
10,I,RAPTOR,,,,,,multi_hop_topological,Expert,295,6324,0,False,idp_only
10,J,HyDE+Fusion,,,,,,multi_hop_topological,Expert,6137,10220,3,False,idp_only
10,K,Corrective-RAG,,,,,,multi_hop_topological,Expert,4456,12395,2,False,idp_only
11,I,RAPTOR,,,,,,analytical_aggregation,Hard,242,3106,0,False,idp_only
11,J,HyDE+Fusion,,,,,,analytical_aggregation,Hard,5781,11282,4,False,idp_only
11,K,Corrective-RAG,,,,,,analytical_aggregation,Hard,4673,9260,1,False,idp_only
12,I,RAPTOR,,,,,,analytical_aggregation,Hard,333,3780,0,False,idp_only
12,J,HyDE+Fusion,,,,,,analytical_aggregation,Hard,5961,10711,3,False,idp_only
12,K,Corrective-RAG,,,,,,analytical_aggregation,Hard,4341,8107,3,False,idp_only
13,I,RAPTOR,,,,,,multi_hop_topological,Expert,360,4004,0,False,idp_only
13,J,HyDE+Fusion,,,,,,multi_hop_topological,Expert,8912,24111,1,False,idp_only
13,K,Corrective-RAG,,,,,,multi_hop_topological,Expert,3729,21814,3,False,idp_only
14,I,RAPTOR,,,,,,analytical_aggregation,Hard,214,8425,0,False,idp_only
14,J,HyDE+Fusion,,,,,,analytical_aggregation,Hard,6844,18119,3,False,idp_only
14,K,Corrective-RAG,,,,,,analytical_aggregation,Hard,11202,16988,3,False,idp_only
15,I,RAPTOR,,,,,,spatial_awareness,High,288,8055,1,False,idp_only
15,J,HyDE+Fusion,,,,,,spatial_awareness,High,6885,14833,3,False,idp_only
15,K,Corrective-RAG,,,,,,spatial_awareness,High,4710,8529,2,False,idp_only
16,I,RAPTOR,,,,,,spatial_awareness,High,229,8090,1,False,idp_only
16,J,HyDE+Fusion,,,,,,spatial_awareness,High,5824,15706,4,False,idp_only
16,K,Corrective-RAG,,,,,,spatial_awareness,High,5391,14711,3,False,idp_only
17,I,RAPTOR,,,,,,spatial_awareness,High,260,8652,1,False,idp_only
17,J,HyDE+Fusion,,,,,,spatial_awareness,High,5701,15587,3,False,idp_only
17,K,Corrective-RAG,,,,,,spatial_awareness,High,4712,9474,1,False,idp_only
18,I,RAPTOR,,,,,,analytical_aggregation,Hard,248,4123,0,False,idp_only
18,J,HyDE+Fusion,,,,,,analytical_aggregation,Hard,6380,14510,3,False,idp_only
18,K,Corrective-RAG,,,,,,analytical_aggregation,Hard,4408,7900,3,False,idp_only
19,I,RAPTOR,,,,,,multi_hop_topological,Expert,241,5989,0,False,idp_only
19,J,HyDE+Fusion,,,,,,multi_hop_topological,Expert,9205,23204,1,False,idp_only
19,K,Corrective-RAG,,,,,,multi_hop_topological,Expert,4837,15786,1,False,idp_only
20,I,RAPTOR,,,,,,multi_hop_topological,Expert,298,7677,0,False,idp_only
20,J,HyDE+Fusion,,,,,,multi_hop_topological,Expert,8921,22081,1,False,idp_only
20,K,Corrective-RAG,,,,,,multi_hop_topological,Expert,4935,9280,3,False,idp_only
21,I,RAPTOR,,,,,,analytical_aggregation,Hard,228,6131,0,False,idp_only
21,J,HyDE+Fusion,,,,,,analytical_aggregation,Hard,6692,13120,1,False,idp_only
21,K,Corrective-RAG,,,,,,analytical_aggregation,Hard,5062,15278,3,False,idp_only
22,I,RAPTOR,,,,,,spatial_awareness,High,233,8084,1,False,idp_only
22,J,HyDE+Fusion,,,,,,spatial_awareness,High,5948,17946,2,False,idp_only
22,K,Corrective-RAG,,,,,,spatial_awareness,High,4447,8209,3,False,idp_only
23,I,RAPTOR,,,,,,spatial_awareness,High,307,4373,1,False,idp_only
23,J,HyDE+Fusion,,,,,,spatial_awareness,High,5708,9168,3,False,idp_only
23,K,Corrective-RAG,,,,,,spatial_awareness,High,4527,13604,3,False,idp_only
24,I,RAPTOR,,,,,,multi_hop_topological,Expert,222,7784,0,False,idp_only
24,J,HyDE+Fusion,,,,,,multi_hop_topological,Expert,5893,13655,2,False,idp_only
24,K,Corrective-RAG,,,,,,multi_hop_topological,Expert,4441,17177,3,False,idp_only
25,I,RAPTOR,,,,,,analytical_aggregation,Hard,226,4892,1,False,idp_only
25,J,HyDE+Fusion,,,,,,analytical_aggregation,Hard,7351,19816,1,False,idp_only
25,K,Corrective-RAG,,,,,,analytical_aggregation,Hard,7375,12140,1,False,idp_only
26,I,RAPTOR,,,,,,multi_hop_topological,Expert,243,3880,0,False,idp_only
26,J,HyDE+Fusion,,,,,,multi_hop_topological,Expert,6154,16798,3,False,idp_only
26,K,Corrective-RAG,,,,,,multi_hop_topological,Expert,4733,9325,4,False,idp_only
27,I,RAPTOR,,,,,,multi_hop_topological,Expert,295,3526,0,False,idp_only
27,J,HyDE+Fusion,,,,,,multi_hop_topological,Expert,9095,14051,2,False,idp_only
27,K,Corrective-RAG,,,,,,multi_hop_topological,Expert,4627,13539,3,False,idp_only
28,I,RAPTOR,,,,,,multi_hop_topological,Expert,224,3587,0,False,idp_only
28,J,HyDE+Fusion,,,,,,multi_hop_topological,Expert,6045,14333,3,False,idp_only
28,K,Corrective-RAG,,,,,,multi_hop_topological,Expert,7653,16154,4,False,idp_only
29,I,RAPTOR,,,,,,spatial_awareness,High,286,9116,1,False,idp_only
29,J,HyDE+Fusion,,,,,,spatial_awareness,High,5502,14145,3,False,idp_only
29,K,Corrective-RAG,,,,,,spatial_awareness,High,4764,11753,3,False,idp_only
30,I,RAPTOR,,,,,,analytical_aggregation,Hard,235,7161,0,False,idp_only
30,J,HyDE+Fusion,,,,,,analytical_aggregation,Hard,6010,15463,3,False,idp_only
30,K,Corrective-RAG,,,,,,analytical_aggregation,Hard,4198,15522,4,False,idp_only
31,I,RAPTOR,,,,,,multi_hop_topological,Expert,243,4081,0,False,idp_only
31,J,HyDE+Fusion,,,,,,multi_hop_topological,Expert,6177,17631,3,False,idp_only
31,K,Corrective-RAG,,,,,,multi_hop_topological,Expert,4350,15377,4,False,idp_only
32,I,RAPTOR,,,,,,spatial_awareness,High,226,4282,1,False,idp_only
32,J,HyDE+Fusion,,,,,,spatial_awareness,High,5977,15048,4,False,idp_only
32,K,Corrective-RAG,,,,,,spatial_awareness,High,4595,8587,3,False,idp_only
33,I,RAPTOR,,,,,,analytical_aggregation,Hard,210,5018,0,False,idp_only
33,J,HyDE+Fusion,,,,,,analytical_aggregation,Hard,11096,24104,3,False,idp_only
33,K,Corrective-RAG,,,,,,analytical_aggregation,Hard,4615,12722,3,False,idp_only
34,I,RAPTOR,,,,,,multi_hop_topological,Expert,250,4017,0,False,idp_only
34,J,HyDE+Fusion,,,,,,multi_hop_topological,Expert,6419,11138,3,False,idp_only
34,K,Corrective-RAG,,,,,,multi_hop_topological,Expert,4599,9894,3,False,idp_only
35,I,RAPTOR,,,,,,multi_hop_topological,Expert,224,6975,0,False,idp_only
35,J,HyDE+Fusion,,,,,,multi_hop_topological,Expert,6008,15575,4,False,idp_only
35,K,Corrective-RAG,,,,,,multi_hop_topological,Expert,7784,17494,1,False,idp_only
36,I,RAPTOR,,,,,,analytical_aggregation,Hard,244,3526,0,False,idp_only
36,J,HyDE+Fusion,,,,,,analytical_aggregation,Hard,6313,14712,3,False,idp_only
36,K,Corrective-RAG,,,,,,analytical_aggregation,Hard,4575,12615,3,False,idp_only
37,I,RAPTOR,,,,,,analytical_aggregation,Hard,253,7444,0,False,idp_only
37,J,HyDE+Fusion,,,,,,analytical_aggregation,Hard,6006,10506,2,False,idp_only
37,K,Corrective-RAG,,,,,,analytical_aggregation,Hard,4406,12364,2,False,idp_only
38,I,RAPTOR,,,,,,spatial_awareness,High,303,4311,1,False,idp_only
38,J,HyDE+Fusion,,,,,,spatial_awareness,High,9074,13525,3,False,idp_only
38,K,Corrective-RAG,,,,,,spatial_awareness,High,4134,7538,3,False,idp_only
39,I,RAPTOR,,,,,,analytical_aggregation,Hard,239,6504,0,False,idp_only
39,J,HyDE+Fusion,,,,,,analytical_aggregation,Hard,5490,15271,4,False,idp_only
39,K,Corrective-RAG,,,,,,analytical_aggregation,Hard,4659,11575,3,False,idp_only
40,I,RAPTOR,,,,,,spatial_awareness,High,248,6291,1,False,idp_only
40,J,HyDE+Fusion,,,,,,spatial_awareness,High,5863,14064,3,False,idp_only
40,K,Corrective-RAG,,,,,,spatial_awareness,High,7516,16055,1,False,idp_only
41,I,RAPTOR,,,,,,spatial_awareness,High,327,4226,1,False,idp_only
41,J,HyDE+Fusion,,,,,,spatial_awareness,High,6533,14387,4,False,idp_only
41,K,Corrective-RAG,,,,,,spatial_awareness,High,4548,14638,3,False,idp_only
42,I,RAPTOR,,,,,,spatial_awareness,High,216,16087,1,False,idp_only
42,J,HyDE+Fusion,,,,,,spatial_awareness,High,6255,9632,3,False,idp_only
42,K,Corrective-RAG,,,,,,spatial_awareness,High,4024,8379,1,False,idp_only
43,I,RAPTOR,,,,,,analytical_aggregation,Hard,339,8712,0,False,idp_only
43,J,HyDE+Fusion,,,,,,analytical_aggregation,Hard,5892,11126,3,False,idp_only
43,K,Corrective-RAG,,,,,,analytical_aggregation,Hard,4260,16892,3,False,idp_only
44,I,RAPTOR,,,,,,multi_hop_topological,Expert,244,3404,0,False,idp_only
44,J,HyDE+Fusion,,,,,,multi_hop_topological,Expert,8734,20279,2,False,idp_only
44,K,Corrective-RAG,,,,,,multi_hop_topological,Expert,7581,17919,2,False,idp_only
45,I,RAPTOR,,,,,,multi_hop_topological,Expert,234,7734,0,False,idp_only
45,J,HyDE+Fusion,,,,,,multi_hop_topological,Expert,6521,14280,1,False,idp_only
45,K,Corrective-RAG,,,,,,multi_hop_topological,Expert,4519,9735,1,False,idp_only
46,I,RAPTOR,,,,,,spatial_awareness,High,234,7450,1,False,idp_only
46,J,HyDE+Fusion,,,,,,spatial_awareness,High,8967,16437,3,False,idp_only
46,K,Corrective-RAG,,,,,,spatial_awareness,High,4362,8043,2,False,idp_only
47,I,RAPTOR,,,,,,analytical_aggregation,Hard,297,3566,0,False,idp_only
47,J,HyDE+Fusion,,,,,,analytical_aggregation,Hard,9020,20054,2,False,idp_only
47,K,Corrective-RAG,,,,,,analytical_aggregation,Hard,4667,18746,3,False,idp_only
48,I,RAPTOR,,,,,,spatial_awareness,High,231,4245,1,False,idp_only
48,J,HyDE+Fusion,,,,,,spatial_awareness,High,7226,19314,4,False,idp_only
48,K,Corrective-RAG,,,,,,spatial_awareness,High,4270,13614,2,False,idp_only
49,I,RAPTOR,,,,,,analytical_aggregation,Hard,237,8298,0,False,idp_only
49,J,HyDE+Fusion,,,,,,analytical_aggregation,Hard,5826,13624,4,False,idp_only
49,K,Corrective-RAG,,,,,,analytical_aggregation,Hard,7682,12771,1,False,idp_only
50,I,RAPTOR,,,,,,analytical_aggregation,Hard,245,3877,0,False,idp_only
50,J,HyDE+Fusion,,,,,,analytical_aggregation,Hard,5747,17540,3,False,idp_only
50,K,Corrective-RAG,,,,,,analytical_aggregation,Hard,4723,10489,3,False,idp_only
51,I,RAPTOR,,,,,,analytical_aggregation,Hard,229,9252,0,False,idp_only
51,J,HyDE+Fusion,,,,,,analytical_aggregation,Hard,6457,11151,3,False,idp_only
51,K,Corrective-RAG,,,,,,analytical_aggregation,Hard,4720,12110,3,False,idp_only
52,I,RAPTOR,,,,,,analytical_aggregation,Hard,250,10755,0,False,idp_only
52,J,HyDE+Fusion,,,,,,analytical_aggregation,Hard,6548,11372,3,False,idp_only
52,K,Corrective-RAG,,,,,,analytical_aggregation,Hard,4917,15118,3,False,idp_only
53,I,RAPTOR,,,,,,spatial_awareness,High,241,10622,1,False,idp_only
53,J,HyDE+Fusion,,,,,,spatial_awareness,High,6206,15760,2,False,idp_only
53,K,Corrective-RAG,,,,,,spatial_awareness,High,4633,13969,1,False,idp_only
54,I,RAPTOR,,,,,,analytical_aggregation,Hard,315,4189,0,False,idp_only
54,J,HyDE+Fusion,,,,,,analytical_aggregation,Hard,6357,15167,4,False,idp_only
54,K,Corrective-RAG,,,,,,analytical_aggregation,Hard,4872,8264,3,False,idp_only
55,I,RAPTOR,,,,,,analytical_aggregation,Hard,475,4296,0,False,idp_only
55,J,HyDE+Fusion,,,,,,analytical_aggregation,Hard,6711,18180,3,False,idp_only
55,K,Corrective-RAG,,,,,,analytical_aggregation,Hard,4943,13154,3,False,idp_only
56,I,RAPTOR,,,,,,spatial_awareness,High,326,12885,1,False,idp_only
56,J,HyDE+Fusion,,,,,,spatial_awareness,High,10070,18577,3,False,idp_only
56,K,Corrective-RAG,,,,,,spatial_awareness,High,4885,15671,3,False,idp_only
57,I,RAPTOR,,,,,,analytical_aggregation,Hard,244,3379,0,False,idp_only
57,J,HyDE+Fusion,,,,,,analytical_aggregation,Hard,5973,16987,2,False,idp_only
57,K,Corrective-RAG,,,,,,analytical_aggregation,Hard,7637,17658,3,False,idp_only
58,I,RAPTOR,,,,,,analytical_aggregation,Hard,332,4333,0,False,idp_only
58,J,HyDE+Fusion,,,,,,analytical_aggregation,Hard,5774,16252,4,False,idp_only
58,K,Corrective-RAG,,,,,,analytical_aggregation,Hard,4945,16792,3,False,idp_only
59,I,RAPTOR,,,,,,multi_hop_topological,Expert,225,9743,0,False,idp_only
59,J,HyDE+Fusion,,,,,,multi_hop_topological,Expert,6612,18575,4,False,idp_only
59,K,Corrective-RAG,,,,,,multi_hop_topological,Expert,4202,8391,3,False,idp_only
60,I,RAPTOR,,,,,,spatial_awareness,High,272,3813,1,False,idp_only
60,J,HyDE+Fusion,,,,,,spatial_awareness,High,8877,18647,4,False,idp_only
60,K,Corrective-RAG,,,,,,spatial_awareness,High,4369,12299,3,False,idp_only
61,I,RAPTOR,,,,,,spatial_awareness,High,226,4205,1,False,idp_only
61,J,HyDE+Fusion,,,,,,spatial_awareness,High,6010,18059,4,False,idp_only
61,K,Corrective-RAG,,,,,,spatial_awareness,High,4462,7854,3,False,idp_only
62,I,RAPTOR,,,,,,multi_hop_topological,Expert,319,3686,0,False,idp_only
62,J,HyDE+Fusion,,,,,,multi_hop_topological,Expert,5503,16613,3,False,idp_only
62,K,Corrective-RAG,,,,,,multi_hop_topological,Expert,9942,19728,4,False,idp_only
63,I,RAPTOR,,,,,,analytical_aggregation,Hard,328,3543,0,False,idp_only
63,J,HyDE+Fusion,,,,,,analytical_aggregation,Hard,6269,17702,1,False,idp_only
63,K,Corrective-RAG,,,,,,analytical_aggregation,Hard,4266,8909,3,False,idp_only
64,I,RAPTOR,,,,,,multi_hop_topological,Expert,215,10716,0,False,idp_only
64,J,HyDE+Fusion,,,,,,multi_hop_topological,Expert,6147,17495,3,False,idp_only
64,K,Corrective-RAG,,,,,,multi_hop_topological,Expert,4489,17402,4,False,idp_only
65,I,RAPTOR,,,,,,multi_hop_topological,Expert,224,3566,0,False,idp_only
65,J,HyDE+Fusion,,,,,,multi_hop_topological,Expert,5939,18425,4,False,idp_only
65,K,Corrective-RAG,,,,,,multi_hop_topological,Expert,4650,18491,5,False,idp_only
66,I,RAPTOR,,,,,,multi_hop_topological,Expert,224,3570,0,False,idp_only
66,J,HyDE+Fusion,,,,,,multi_hop_topological,Expert,6036,14484,3,False,idp_only
66,K,Corrective-RAG,,,,,,multi_hop_topological,Expert,4215,14201,3,False,idp_only
67,I,RAPTOR,,,,,,multi_hop_topological,Expert,229,3289,0,False,idp_only
67,J,HyDE+Fusion,,,,,,multi_hop_topological,Expert,9014,14530,2,False,idp_only
67,K,Corrective-RAG,,,,,,multi_hop_topological,Expert,4454,15550,1,False,idp_only
68,I,RAPTOR,,,,,,multi_hop_topological,Expert,362,3421,0,False,idp_only
68,J,HyDE+Fusion,,,,,,multi_hop_topological,Expert,9476,17897,4,False,idp_only
68,K,Corrective-RAG,,,,,,multi_hop_topological,Expert,4214,12663,3,False,idp_only
69,I,RAPTOR,,,,,,spatial_awareness,High,250,8703,1,False,idp_only
69,J,HyDE+Fusion,,,,,,spatial_awareness,High,9008,19691,5,False,idp_only
69,K,Corrective-RAG,,,,,,spatial_awareness,High,4142,15699,3,False,idp_only
70,I,RAPTOR,,,,,,spatial_awareness,High,268,10133,1,False,idp_only
70,J,HyDE+Fusion,,,,,,spatial_awareness,High,9070,12732,4,False,idp_only
70,K,Corrective-RAG,,,,,,spatial_awareness,High,4290,8113,2,False,idp_only
71,I,RAPTOR,,,,,,multi_hop_topological,Expert,261,8422,0,False,idp_only
71,J,HyDE+Fusion,,,,,,multi_hop_topological,Expert,5563,10344,5,False,idp_only
71,K,Corrective-RAG,,,,,,multi_hop_topological,Expert,8039,12753,5,False,idp_only
72,I,RAPTOR,,,,,,spatial_awareness,High,239,8231,4,False,idp_only
72,J,HyDE+Fusion,,,,,,spatial_awareness,High,5473,18120,2,False,idp_only
72,K,Corrective-RAG,,,,,,spatial_awareness,High,7895,19946,5,False,idp_only
73,I,RAPTOR,,,,,,spatial_awareness,High,271,4414,1,False,idp_only
73,J,HyDE+Fusion,,,,,,spatial_awareness,High,5911,16249,3,False,idp_only
73,K,Corrective-RAG,,,,,,spatial_awareness,High,4147,14675,2,False,idp_only
74,I,RAPTOR,,,,,,analytical_aggregation,Hard,233,7933,0,False,idp_only
74,J,HyDE+Fusion,,,,,,analytical_aggregation,Hard,5772,16105,4,False,idp_only
74,K,Corrective-RAG,,,,,,analytical_aggregation,Hard,10787,18087,3,False,idp_only
75,I,RAPTOR,,,,,,analytical_aggregation,Hard,324,9587,0,False,idp_only
75,J,HyDE+Fusion,,,,,,analytical_aggregation,Hard,6155,12692,2,False,idp_only
75,K,Corrective-RAG,,,,,,analytical_aggregation,Hard,4403,15459,1,False,idp_only
76,I,RAPTOR,,,,,,spatial_awareness,High,233,4438,2,False,idp_only
76,J,HyDE+Fusion,,,,,,spatial_awareness,High,6804,17861,3,False,idp_only
76,K,Corrective-RAG,,,,,,spatial_awareness,High,4719,9145,4,False,idp_only
77,I,RAPTOR,,,,,,spatial_awareness,High,204,4682,1,False,idp_only
77,J,HyDE+Fusion,,,,,,spatial_awareness,High,5717,17265,5,False,idp_only
77,K,Corrective-RAG,,,,,,spatial_awareness,High,3886,13873,1,False,idp_only
78,I,RAPTOR,,,,,,spatial_awareness,High,289,9779,4,False,idp_only
78,J,HyDE+Fusion,,,,,,spatial_awareness,High,6193,12859,3,False,idp_only
78,K,Corrective-RAG,,,,,,spatial_awareness,High,4220,9442,5,False,idp_only
79,I,RAPTOR,,,,,,analytical_aggregation,Hard,360,8371,0,False,idp_only
79,J,HyDE+Fusion,,,,,,analytical_aggregation,Hard,6273,15483,3,False,idp_only
79,K,Corrective-RAG,,,,,,analytical_aggregation,Hard,4406,11373,3,False,idp_only
80,I,RAPTOR,,,,,,multi_hop_topological,Expert,222,3425,0,False,idp_only
80,J,HyDE+Fusion,,,,,,multi_hop_topological,Expert,6239,13837,2,False,idp_only
80,K,Corrective-RAG,,,,,,multi_hop_topological,Expert,4924,16777,1,False,idp_only
81,I,RAPTOR,,,,,,multi_hop_topological,Expert,232,3709,0,False,idp_only
81,J,HyDE+Fusion,,,,,,multi_hop_topological,Expert,6217,10972,2,False,idp_only
81,K,Corrective-RAG,,,,,,multi_hop_topological,Expert,3927,13852,3,False,idp_only
82,I,RAPTOR,,,,,,analytical_aggregation,Hard,217,5539,0,False,idp_only
82,J,HyDE+Fusion,,,,,,analytical_aggregation,Hard,6200,17043,2,False,idp_only
82,K,Corrective-RAG,,,,,,analytical_aggregation,Hard,7605,16699,3,False,idp_only
83,I,RAPTOR,,,,,,spatial_awareness,High,328,11533,5,False,idp_only
83,J,HyDE+Fusion,,,,,,spatial_awareness,High,6260,10564,5,False,idp_only
83,K,Corrective-RAG,,,,,,spatial_awareness,High,5188,9813,5,False,idp_only
84,I,RAPTOR,,,,,,analytical_aggregation,Hard,221,6272,0,False,idp_only
84,J,HyDE+Fusion,,,,,,analytical_aggregation,Hard,6284,15483,3,False,idp_only
84,K,Corrective-RAG,,,,,,analytical_aggregation,Hard,4808,15605,3,False,idp_only
85,I,RAPTOR,,,,,,multi_hop_topological,Expert,294,3956,0,False,idp_only
85,J,HyDE+Fusion,,,,,,multi_hop_topological,Expert,6601,11659,1,False,idp_only
85,K,Corrective-RAG,,,,,,multi_hop_topological,Expert,4405,15286,4,False,idp_only
86,I,RAPTOR,,,,,,multi_hop_topological,Expert,216,3717,0,False,idp_only
86,J,HyDE+Fusion,,,,,,multi_hop_topological,Expert,5775,15727,3,False,idp_only
86,K,Corrective-RAG,,,,,,multi_hop_topological,Expert,5343,12969,3,False,idp_only
87,I,RAPTOR,,,,,,multi_hop_topological,Expert,215,7603,0,False,idp_only
87,J,HyDE+Fusion,,,,,,multi_hop_topological,Expert,6765,14167,3,False,idp_only
87,K,Corrective-RAG,,,,,,multi_hop_topological,Expert,4091,13317,3,False,idp_only
88,I,RAPTOR,,,,,,multi_hop_topological,Expert,258,3388,0,False,idp_only
88,J,HyDE+Fusion,,,,,,multi_hop_topological,Expert,6291,19398,2,False,idp_only
88,K,Corrective-RAG,,,,,,multi_hop_topological,Expert,4694,14303,1,False,idp_only
89,I,RAPTOR,,,,,,analytical_aggregation,Hard,217,7859,0,False,idp_only
89,J,HyDE+Fusion,,,,,,analytical_aggregation,Hard,6045,12117,2,False,idp_only
89,K,Corrective-RAG,,,,,,analytical_aggregation,Hard,4170,14821,1,False,idp_only
90,I,RAPTOR,,,,,,multi_hop_topological,Expert,298,3555,0,False,idp_only
90,J,HyDE+Fusion,,,,,,multi_hop_topological,Expert,6129,16059,4,False,idp_only
90,K,Corrective-RAG,,,,,,multi_hop_topological,Expert,4502,14025,1,False,idp_only
91,I,RAPTOR,,,,,,spatial_awareness,High,306,10669,1,False,idp_only
91,J,HyDE+Fusion,,,,,,spatial_awareness,High,5778,10124,2,False,idp_only
91,K,Corrective-RAG,,,,,,spatial_awareness,High,4479,7990,3,False,idp_only
92,I,RAPTOR,,,,,,multi_hop_topological,Expert,241,3510,0,False,idp_only
92,J,HyDE+Fusion,,,,,,multi_hop_topological,Expert,5973,15921,5,False,idp_only
92,K,Corrective-RAG,,,,,,multi_hop_topological,Expert,4210,16926,3,False,idp_only
93,I,RAPTOR,,,,,,multi_hop_topological,Expert,234,6890,0,False,idp_only
93,J,HyDE+Fusion,,,,,,multi_hop_topological,Expert,6063,14114,2,False,idp_only
93,K,Corrective-RAG,,,,,,multi_hop_topological,Expert,5080,15283,3,False,idp_only
94,I,RAPTOR,,,,,,multi_hop_topological,Expert,226,3668,0,False,idp_only
94,J,HyDE+Fusion,,,,,,multi_hop_topological,Expert,5732,17468,1,False,idp_only
94,K,Corrective-RAG,,,,,,multi_hop_topological,Expert,4261,11657,1,False,idp_only
95,I,RAPTOR,,,,,,multi_hop_topological,Expert,243,4216,0,False,idp_only
95,J,HyDE+Fusion,,,,,,multi_hop_topological,Expert,6147,13778,3,False,idp_only
95,K,Corrective-RAG,,,,,,multi_hop_topological,Expert,4411,15461,3,False,idp_only
96,I,RAPTOR,,,,,,analytical_aggregation,Hard,285,6442,0,False,idp_only
96,J,HyDE+Fusion,,,,,,analytical_aggregation,Hard,5777,10209,3,False,idp_only
96,K,Corrective-RAG,,,,,,analytical_aggregation,Hard,6407,17177,3,False,idp_only
97,I,RAPTOR,,,,,,multi_hop_topological,Expert,246,3500,0,False,idp_only
97,J,HyDE+Fusion,,,,,,multi_hop_topological,Expert,5816,10751,3,False,idp_only
97,K,Corrective-RAG,,,,,,multi_hop_topological,Expert,4198,9711,1,False,idp_only
98,I,RAPTOR,,,,,,spatial_awareness,High,283,4474,1,False,idp_only
98,J,HyDE+Fusion,,,,,,spatial_awareness,High,8446,14244,2,False,idp_only
98,K,Corrective-RAG,,,,,,spatial_awareness,High,7590,15455,3,False,idp_only
99,I,RAPTOR,,,,,,spatial_awareness,High,273,8911,1,False,idp_only
99,J,HyDE+Fusion,,,,,,spatial_awareness,High,5991,14160,5,False,idp_only
99,K,Corrective-RAG,,,,,,spatial_awareness,High,4008,14406,1,False,idp_only
100,I,RAPTOR,,,,,,spatial_awareness,High,226,4100,1,False,idp_only
100,J,HyDE+Fusion,,,,,,spatial_awareness,High,5784,10711,3,False,idp_only
100,K,Corrective-RAG,,,,,,spatial_awareness,High,4613,8089,3,False,idp_only
101,I,RAPTOR,,,,,,spatial_awareness,High,234,4931,1,False,idp_only
101,J,HyDE+Fusion,,,,,,spatial_awareness,High,5555,14247,3,False,idp_only
101,K,Corrective-RAG,,,,,,spatial_awareness,High,7622,15907,1,False,idp_only
102,I,RAPTOR,,,,,,analytical_aggregation,Hard,224,4812,1,False,idp_only
102,J,HyDE+Fusion,,,,,,analytical_aggregation,Hard,6357,10910,1,False,idp_only
102,K,Corrective-RAG,,,,,,analytical_aggregation,Hard,4815,14938,1,False,idp_only
103,I,RAPTOR,,,,,,multi_hop_topological,Expert,210,4232,0,False,idp_only
103,J,HyDE+Fusion,,,,,,multi_hop_topological,Expert,6057,10998,1,False,idp_only
103,K,Corrective-RAG,,,,,,multi_hop_topological,Expert,4915,14391,4,False,idp_only
104,I,RAPTOR,,,,,,analytical_aggregation,Hard,216,4025,0,False,idp_only
104,J,HyDE+Fusion,,,,,,analytical_aggregation,Hard,5685,10023,3,False,idp_only
104,K,Corrective-RAG,,,,,,analytical_aggregation,Hard,4207,8387,1,False,idp_only
105,I,RAPTOR,,,,,,multi_hop_topological,Expert,233,8475,0,False,idp_only
105,J,HyDE+Fusion,,,,,,multi_hop_topological,Expert,6046,16054,2,False,idp_only
105,K,Corrective-RAG,,,,,,multi_hop_topological,Expert,5394,16840,3,False,idp_only
106,I,RAPTOR,,,,,,multi_hop_topological,Expert,345,3590,0,False,idp_only
106,J,HyDE+Fusion,,,,,,multi_hop_topological,Expert,5910,15450,3,False,idp_only
106,K,Corrective-RAG,,,,,,multi_hop_topological,Expert,4448,16983,4,False,idp_only
107,I,RAPTOR,,,,,,spatial_awareness,High,244,4918,2,False,idp_only
107,J,HyDE+Fusion,,,,,,spatial_awareness,High,6405,12390,1,False,idp_only
107,K,Corrective-RAG,,,,,,spatial_awareness,High,4643,8453,2,False,idp_only
108,I,RAPTOR,,,,,,analytical_aggregation,Hard,234,3273,0,False,idp_only
108,J,HyDE+Fusion,,,,,,analytical_aggregation,Hard,8906,21082,2,False,idp_only
108,K,Corrective-RAG,,,,,,analytical_aggregation,Hard,7428,11404,3,False,idp_only
109,I,RAPTOR,,,,,,multi_hop_topological,Expert,276,3504,0,False,idp_only
109,J,HyDE+Fusion,,,,,,multi_hop_topological,Expert,5762,12929,2,False,idp_only
109,K,Corrective-RAG,,,,,,multi_hop_topological,Expert,4198,13384,3,False,idp_only
110,I,RAPTOR,,,,,,spatial_awareness,High,275,5243,1,False,idp_only
110,J,HyDE+Fusion,,,,,,spatial_awareness,High,6371,10065,5,False,idp_only
110,K,Corrective-RAG,,,,,,spatial_awareness,High,4568,12113,1,False,idp_only
111,I,RAPTOR,,,,,,analytical_aggregation,Hard,394,5874,0,False,idp_only
111,J,HyDE+Fusion,,,,,,analytical_aggregation,Hard,6291,15628,3,False,idp_only
111,K,Corrective-RAG,,,,,,analytical_aggregation,Hard,4475,15215,1,False,idp_only
112,I,RAPTOR,,,,,,multi_hop_topological,Expert,327,8316,0,False,idp_only
112,J,HyDE+Fusion,,,,,,multi_hop_topological,Expert,6413,14932,5,False,idp_only
112,K,Corrective-RAG,,,,,,multi_hop_topological,Expert,7542,19501,5,False,idp_only
113,I,RAPTOR,,,,,,analytical_aggregation,Hard,278,8957,0,False,idp_only
113,J,HyDE+Fusion,,,,,,analytical_aggregation,Hard,6058,15485,4,False,idp_only
113,K,Corrective-RAG,,,,,,analytical_aggregation,Hard,4179,14144,3,False,idp_only
114,I,RAPTOR,,,,,,spatial_awareness,High,238,5511,1,False,idp_only
114,J,HyDE+Fusion,,,,,,spatial_awareness,High,5890,12556,3,False,idp_only
114,K,Corrective-RAG,,,,,,spatial_awareness,High,2698,16639,1,False,idp_only
115,I,RAPTOR,,,,,,spatial_awareness,High,224,5068,1,False,idp_only
115,J,HyDE+Fusion,,,,,,spatial_awareness,High,5852,14328,4,False,idp_only
115,K,Corrective-RAG,,,,,,spatial_awareness,High,3875,13065,3,False,idp_only
116,I,RAPTOR,,,,,,spatial_awareness,High,240,7355,1,False,idp_only
116,J,HyDE+Fusion,,,,,,spatial_awareness,High,9341,21857,3,False,idp_only
116,K,Corrective-RAG,,,,,,spatial_awareness,High,7719,20532,3,False,idp_only
117,I,RAPTOR,,,,,,multi_hop_topological,Expert,335,8050,0,False,idp_only
117,J,HyDE+Fusion,,,,,,multi_hop_topological,Expert,5989,9645,2,False,idp_only
117,K,Corrective-RAG,,,,,,multi_hop_topological,Expert,4352,15673,4,False,idp_only
118,I,RAPTOR,,,,,,spatial_awareness,High,256,5109,1,False,idp_only
118,J,HyDE+Fusion,,,,,,spatial_awareness,High,5681,17754,4,False,idp_only
118,K,Corrective-RAG,,,,,,spatial_awareness,High,4020,11692,3,False,idp_only
119,I,RAPTOR,,,,,,spatial_awareness,High,301,3731,1,False,idp_only
119,J,HyDE+Fusion,,,,,,spatial_awareness,High,6299,13113,3,False,idp_only
119,K,Corrective-RAG,,,,,,spatial_awareness,High,4225,13053,3,False,idp_only
120,I,RAPTOR,,,,,,analytical_aggregation,Hard,301,6348,0,False,idp_only
120,J,HyDE+Fusion,,,,,,analytical_aggregation,Hard,12266,18700,3,False,idp_only
120,K,Corrective-RAG,,,,,,analytical_aggregation,Hard,5105,9866,2,False,idp_only
121,I,RAPTOR,,,,,,spatial_awareness,High,286,4075,1,False,idp_only
121,J,HyDE+Fusion,,,,,,spatial_awareness,High,6396,15841,3,False,idp_only
121,K,Corrective-RAG,,,,,,spatial_awareness,High,4765,16915,3,False,idp_only
122,I,RAPTOR,,,,,,spatial_awareness,High,318,4869,4,False,idp_only
122,J,HyDE+Fusion,,,,,,spatial_awareness,High,6247,9464,3,False,idp_only
122,K,Corrective-RAG,,,,,,spatial_awareness,High,4567,16368,5,False,idp_only
123,I,RAPTOR,,,,,,multi_hop_topological,Expert,341,3338,0,False,idp_only
123,J,HyDE+Fusion,,,,,,multi_hop_topological,Expert,7260,14594,4,False,idp_only
123,K,Corrective-RAG,,,,,,multi_hop_topological,Expert,4801,14419,4,False,idp_only
124,I,RAPTOR,,,,,,analytical_aggregation,Hard,273,6727,0,False,idp_only
124,J,HyDE+Fusion,,,,,,analytical_aggregation,Hard,6608,19564,2,False,idp_only
124,K,Corrective-RAG,,,,,,analytical_aggregation,Hard,4462,9165,1,False,idp_only
125,I,RAPTOR,,,,,,spatial_awareness,High,212,11038,1,False,idp_only
125,J,HyDE+Fusion,,,,,,spatial_awareness,High,6079,15964,4,False,idp_only
125,K,Corrective-RAG,,,,,,spatial_awareness,High,1911,9594,1,False,idp_only
126,I,RAPTOR,,,,,,multi_hop_topological,Expert,242,6413,0,False,idp_only
126,J,HyDE+Fusion,,,,,,multi_hop_topological,Expert,6181,10718,2,False,idp_only
126,K,Corrective-RAG,,,,,,multi_hop_topological,Expert,4913,14643,1,False,idp_only
127,I,RAPTOR,,,,,,analytical_aggregation,Hard,212,6665,0,False,idp_only
127,J,HyDE+Fusion,,,,,,analytical_aggregation,Hard,5719,21250,2,False,idp_only
127,K,Corrective-RAG,,,,,,analytical_aggregation,Hard,4390,13428,3,False,idp_only
128,I,RAPTOR,,,,,,spatial_awareness,High,337,7141,1,False,idp_only
128,J,HyDE+Fusion,,,,,,spatial_awareness,High,6690,12427,5,False,idp_only
128,K,Corrective-RAG,,,,,,spatial_awareness,High,5291,12706,1,False,idp_only
129,I,RAPTOR,,,,,,analytical_aggregation,Hard,222,3362,0,False,idp_only
129,J,HyDE+Fusion,,,,,,analytical_aggregation,Hard,6308,13512,4,False,idp_only
129,K,Corrective-RAG,,,,,,analytical_aggregation,Hard,4603,15732,1,False,idp_only
130,I,RAPTOR,,,,,,spatial_awareness,High,371,8537,1,False,idp_only
130,J,HyDE+Fusion,,,,,,spatial_awareness,High,5974,9883,4,False,idp_only
130,K,Corrective-RAG,,,,,,spatial_awareness,High,4597,18227,1,False,idp_only
131,I,RAPTOR,,,,,,analytical_aggregation,Hard,354,3423,0,False,idp_only
131,J,HyDE+Fusion,,,,,,analytical_aggregation,Hard,5876,15998,3,False,idp_only
131,K,Corrective-RAG,,,,,,analytical_aggregation,Hard,4743,8209,3,False,idp_only
132,I,RAPTOR,,,,,,spatial_awareness,High,299,7788,1,False,idp_only
132,J,HyDE+Fusion,,,,,,spatial_awareness,High,6182,14664,4,False,idp_only
132,K,Corrective-RAG,,,,,,spatial_awareness,High,4154,10881,3,False,idp_only
133,I,RAPTOR,,,,,,spatial_awareness,High,297,4213,1,False,idp_only
133,J,HyDE+Fusion,,,,,,spatial_awareness,High,5944,9729,4,False,idp_only
133,K,Corrective-RAG,,,,,,spatial_awareness,High,4467,9416,3,False,idp_only
134,I,RAPTOR,,,,,,analytical_aggregation,Hard,292,7000,0,False,idp_only
134,J,HyDE+Fusion,,,,,,analytical_aggregation,Hard,9287,21882,3,False,idp_only
134,K,Corrective-RAG,,,,,,analytical_aggregation,Hard,4580,12387,3,False,idp_only
135,I,RAPTOR,,,,,,analytical_aggregation,Hard,330,6120,0,False,idp_only
135,J,HyDE+Fusion,,,,,,analytical_aggregation,Hard,5840,16075,1,False,idp_only
135,K,Corrective-RAG,,,,,,analytical_aggregation,Hard,4371,15207,3,False,idp_only
136,I,RAPTOR,,,,,,spatial_awareness,High,238,11599,1,False,idp_only
136,J,HyDE+Fusion,,,,,,spatial_awareness,High,9901,21836,5,False,idp_only
136,K,Corrective-RAG,,,,,,spatial_awareness,High,4185,17095,2,False,idp_only
137,I,RAPTOR,,,,,,spatial_awareness,High,271,4463,1,False,idp_only
137,J,HyDE+Fusion,,,,,,spatial_awareness,High,6237,15864,4,False,idp_only
137,K,Corrective-RAG,,,,,,spatial_awareness,High,4757,14154,1,False,idp_only
138,I,RAPTOR,,,,,,multi_hop_topological,Expert,244,8387,0,False,idp_only
138,J,HyDE+Fusion,,,,,,multi_hop_topological,Expert,6100,15155,1,False,idp_only
138,K,Corrective-RAG,,,,,,multi_hop_topological,Expert,4774,16076,1,False,idp_only
139,I,RAPTOR,,,,,,analytical_aggregation,Hard,225,6454,0,False,idp_only
139,J,HyDE+Fusion,,,,,,analytical_aggregation,Hard,6562,14129,3,False,idp_only
139,K,Corrective-RAG,,,,,,analytical_aggregation,Hard,4552,8550,3,False,idp_only
140,I,RAPTOR,,,,,,multi_hop_topological,Expert,237,3844,0,False,idp_only
140,J,HyDE+Fusion,,,,,,multi_hop_topological,Expert,5954,12366,3,False,idp_only
140,K,Corrective-RAG,,,,,,multi_hop_topological,Expert,4725,11105,1,False,idp_only
141,I,RAPTOR,,,,,,analytical_aggregation,Hard,238,7392,0,False,idp_only
141,J,HyDE+Fusion,,,,,,analytical_aggregation,Hard,6208,11237,2,False,idp_only
141,K,Corrective-RAG,,,,,,analytical_aggregation,Hard,4876,18606,1,False,idp_only
142,I,RAPTOR,,,,,,multi_hop_topological,Expert,233,5712,0,False,idp_only
142,J,HyDE+Fusion,,,,,,multi_hop_topological,Expert,5708,13491,2,False,idp_only
142,K,Corrective-RAG,,,,,,multi_hop_topological,Expert,4679,9447,1,False,idp_only
143,I,RAPTOR,,,,,,multi_hop_topological,Expert,241,3739,0,False,idp_only
143,J,HyDE+Fusion,,,,,,multi_hop_topological,Expert,5966,14385,3,False,idp_only
143,K,Corrective-RAG,,,,,,multi_hop_topological,Expert,7374,12371,3,False,idp_only
144,I,RAPTOR,,,,,,analytical_aggregation,Hard,245,3793,0,False,idp_only
144,J,HyDE+Fusion,,,,,,analytical_aggregation,Hard,5855,15898,3,False,idp_only
144,K,Corrective-RAG,,,,,,analytical_aggregation,Hard,4368,14371,1,False,idp_only
145,I,RAPTOR,,,,,,spatial_awareness,High,343,7161,1,False,idp_only
145,J,HyDE+Fusion,,,,,,spatial_awareness,High,10990,24709,4,False,idp_only
145,K,Corrective-RAG,,,,,,spatial_awareness,High,4805,10955,3,False,idp_only
146,I,RAPTOR,,,,,,spatial_awareness,High,244,11235,1,False,idp_only
146,J,HyDE+Fusion,,,,,,spatial_awareness,High,5983,12802,4,False,idp_only
146,K,Corrective-RAG,,,,,,spatial_awareness,High,4835,12663,3,False,idp_only
147,I,RAPTOR,,,,,,spatial_awareness,High,239,4368,1,False,idp_only
147,J,HyDE+Fusion,,,,,,spatial_awareness,High,5752,10266,2,False,idp_only
147,K,Corrective-RAG,,,,,,spatial_awareness,High,5058,10526,2,False,idp_only
148,I,RAPTOR,,,,,,spatial_awareness,High,293,11683,5,False,idp_only
148,J,HyDE+Fusion,,,,,,spatial_awareness,High,5567,10897,2,False,idp_only
148,K,Corrective-RAG,,,,,,spatial_awareness,High,4424,14178,5,False,idp_only
149,I,RAPTOR,,,,,,spatial_awareness,High,280,12435,2,False,idp_only
149,J,HyDE+Fusion,,,,,,spatial_awareness,High,6570,11238,2,False,idp_only
149,K,Corrective-RAG,,,,,,spatial_awareness,High,4614,17196,3,False,idp_only
150,I,RAPTOR,,,,,,multi_hop_topological,Expert,249,3500,0,False,idp_only
150,J,HyDE+Fusion,,,,,,multi_hop_topological,Expert,6708,17186,1,False,idp_only
150,K,Corrective-RAG,,,,,,multi_hop_topological,Expert,4711,15185,1,False,idp_only
151,I,RAPTOR,,,,,,spatial_awareness,High,241,4920,1,False,idp_only
151,J,HyDE+Fusion,,,,,,spatial_awareness,High,9597,22707,4,False,idp_only
151,K,Corrective-RAG,,,,,,spatial_awareness,High,4265,14157,3,False,idp_only
152,I,RAPTOR,,,,,,multi_hop_topological,Expert,258,10585,0,False,idp_only
152,J,HyDE+Fusion,,,,,,multi_hop_topological,Expert,12383,17311,3,False,idp_only
152,K,Corrective-RAG,,,,,,multi_hop_topological,Expert,4946,10483,1,False,idp_only
153,I,RAPTOR,,,,,,spatial_awareness,High,223,8024,1,False,idp_only
153,J,HyDE+Fusion,,,,,,spatial_awareness,High,5439,13418,5,False,idp_only
153,K,Corrective-RAG,,,,,,spatial_awareness,High,6286,14145,2,False,idp_only
154,I,RAPTOR,,,,,,spatial_awareness,High,291,7854,1,False,idp_only
154,J,HyDE+Fusion,,,,,,spatial_awareness,High,6082,13446,2,False,idp_only
154,K,Corrective-RAG,,,,,,spatial_awareness,High,7558,11534,3,False,idp_only
155,I,RAPTOR,,,,,,analytical_aggregation,Hard,213,3176,0,False,idp_only
155,J,HyDE+Fusion,,,,,,analytical_aggregation,Hard,6456,17749,3,False,idp_only
155,K,Corrective-RAG,,,,,,analytical_aggregation,Hard,4390,16793,3,False,idp_only
156,I,RAPTOR,,,,,,analytical_aggregation,Hard,224,3374,0,False,idp_only
156,J,HyDE+Fusion,,,,,,analytical_aggregation,Hard,6248,10440,2,False,idp_only
156,K,Corrective-RAG,,,,,,analytical_aggregation,Hard,7114,19625,3,False,idp_only
157,I,RAPTOR,,,,,,multi_hop_topological,Expert,218,3546,0,False,idp_only
157,J,HyDE+Fusion,,,,,,multi_hop_topological,Expert,5737,18895,5,False,idp_only
157,K,Corrective-RAG,,,,,,multi_hop_topological,Expert,5234,19635,4,False,idp_only
158,I,RAPTOR,,,,,,spatial_awareness,High,313,5027,1,False,idp_only
158,J,HyDE+Fusion,,,,,,spatial_awareness,High,5850,16256,3,False,idp_only
158,K,Corrective-RAG,,,,,,spatial_awareness,High,4403,8232,2,False,idp_only
159,I,RAPTOR,,,,,,multi_hop_topological,Expert,263,9563,0,False,idp_only
159,J,HyDE+Fusion,,,,,,multi_hop_topological,Expert,6012,13888,2,False,idp_only
159,K,Corrective-RAG,,,,,,multi_hop_topological,Expert,5000,9388,2,False,idp_only
160,I,RAPTOR,,,,,,spatial_awareness,High,223,4560,1,False,idp_only
160,J,HyDE+Fusion,,,,,,spatial_awareness,High,6620,15601,3,False,idp_only
160,K,Corrective-RAG,,,,,,spatial_awareness,High,4165,15021,3,False,idp_only
161,I,RAPTOR,,,,,,multi_hop_topological,Expert,217,3654,0,False,idp_only
161,J,HyDE+Fusion,,,,,,multi_hop_topological,Expert,9396,20411,1,False,idp_only
161,K,Corrective-RAG,,,,,,multi_hop_topological,Expert,7364,17725,3,False,idp_only
162,I,RAPTOR,,,,,,multi_hop_topological,Expert,227,3988,0,False,idp_only
162,J,HyDE+Fusion,,,,,,multi_hop_topological,Expert,6970,18502,3,False,idp_only
162,K,Corrective-RAG,,,,,,multi_hop_topological,Expert,4538,18853,1,False,idp_only
163,I,RAPTOR,,,,,,multi_hop_topological,Expert,266,10240,0,False,idp_only
163,J,HyDE+Fusion,,,,,,multi_hop_topological,Expert,8922,19449,3,False,idp_only
163,K,Corrective-RAG,,,,,,multi_hop_topological,Expert,4408,10697,4,False,idp_only
164,I,RAPTOR,,,,,,analytical_aggregation,Hard,219,7031,0,False,idp_only
164,J,HyDE+Fusion,,,,,,analytical_aggregation,Hard,6823,16286,2,False,idp_only
164,K,Corrective-RAG,,,,,,analytical_aggregation,Hard,4539,12420,3,False,idp_only
165,I,RAPTOR,,,,,,multi_hop_topological,Expert,310,3461,0,False,idp_only
165,J,HyDE+Fusion,,,,,,multi_hop_topological,Expert,6059,14365,4,False,idp_only
165,K,Corrective-RAG,,,,,,multi_hop_topological,Expert,7756,18140,3,False,idp_only
166,I,RAPTOR,,,,,,analytical_aggregation,Hard,246,3349,0,False,idp_only
166,J,HyDE+Fusion,,,,,,analytical_aggregation,Hard,6131,12526,1,False,idp_only
166,K,Corrective-RAG,,,,,,analytical_aggregation,Hard,4468,12843,3,False,idp_only
167,I,RAPTOR,,,,,,multi_hop_topological,Expert,262,6652,0,False,idp_only
167,J,HyDE+Fusion,,,,,,multi_hop_topological,Expert,6239,13946,3,False,idp_only
167,K,Corrective-RAG,,,,,,multi_hop_topological,Expert,7455,17343,3,False,idp_only
168,I,RAPTOR,,,,,,analytical_aggregation,Hard,263,6770,0,False,idp_only
168,J,HyDE+Fusion,,,,,,analytical_aggregation,Hard,6301,17395,3,False,idp_only
168,K,Corrective-RAG,,,,,,analytical_aggregation,Hard,4436,17514,3,False,idp_only
169,I,RAPTOR,,,,,,spatial_awareness,High,321,4435,1,False,idp_only
169,J,HyDE+Fusion,,,,,,spatial_awareness,High,7154,17628,3,False,idp_only
169,K,Corrective-RAG,,,,,,spatial_awareness,High,2147,6312,1,False,idp_only
170,I,RAPTOR,,,,,,multi_hop_topological,Expert,237,7277,0,False,idp_only
170,J,HyDE+Fusion,,,,,,multi_hop_topological,Expert,6138,18719,1,False,idp_only
170,K,Corrective-RAG,,,,,,multi_hop_topological,Expert,4741,12598,2,False,idp_only
171,I,RAPTOR,,,,,,multi_hop_topological,Expert,225,6343,0,False,idp_only
171,J,HyDE+Fusion,,,,,,multi_hop_topological,Expert,9545,14783,3,False,idp_only
171,K,Corrective-RAG,,,,,,multi_hop_topological,Expert,7541,15575,1,False,idp_only
172,I,RAPTOR,,,,,,multi_hop_topological,Expert,227,4520,0,False,idp_only
172,J,HyDE+Fusion,,,,,,multi_hop_topological,Expert,8067,16735,3,False,idp_only
172,K,Corrective-RAG,,,,,,multi_hop_topological,Expert,4745,9291,4,False,idp_only
173,I,RAPTOR,,,,,,multi_hop_topological,Expert,236,3362,0,False,idp_only
173,J,HyDE+Fusion,,,,,,multi_hop_topological,Expert,6116,17854,3,False,idp_only
173,K,Corrective-RAG,,,,,,multi_hop_topological,Expert,4579,15070,5,False,idp_only
174,I,RAPTOR,,,,,,spatial_awareness,High,329,4730,1,False,idp_only
174,J,HyDE+Fusion,,,,,,spatial_awareness,High,5395,9018,2,False,idp_only
174,K,Corrective-RAG,,,,,,spatial_awareness,High,3923,12070,3,False,idp_only
175,I,RAPTOR,,,,,,spatial_awareness,High,224,8171,1,False,idp_only
175,J,HyDE+Fusion,,,,,,spatial_awareness,High,5864,13443,4,False,idp_only
175,K,Corrective-RAG,,,,,,spatial_awareness,High,5895,9602,2,False,idp_only
176,I,RAPTOR,,,,,,analytical_aggregation,Hard,279,7026,0,False,idp_only
176,J,HyDE+Fusion,,,,,,analytical_aggregation,Hard,5466,12560,3,False,idp_only
176,K,Corrective-RAG,,,,,,analytical_aggregation,Hard,4719,9436,1,False,idp_only
177,I,RAPTOR,,,,,,analytical_aggregation,Hard,228,6510,0,False,idp_only
177,J,HyDE+Fusion,,,,,,analytical_aggregation,Hard,5713,11868,3,False,idp_only
177,K,Corrective-RAG,,,,,,analytical_aggregation,Hard,11285,17212,3,False,idp_only
178,I,RAPTOR,,,,,,analytical_aggregation,Hard,244,3911,0,False,idp_only
178,J,HyDE+Fusion,,,,,,analytical_aggregation,Hard,6295,17339,3,False,idp_only
178,K,Corrective-RAG,,,,,,analytical_aggregation,Hard,8390,12434,3,False,idp_only
179,I,RAPTOR,,,,,,multi_hop_topological,Expert,312,3962,0,False,idp_only
179,J,HyDE+Fusion,,,,,,multi_hop_topological,Expert,5655,17535,4,False,idp_only
179,K,Corrective-RAG,,,,,,multi_hop_topological,Expert,4296,14656,4,False,idp_only
180,I,RAPTOR,,,,,,multi_hop_topological,Expert,328,8296,0,False,idp_only
180,J,HyDE+Fusion,,,,,,multi_hop_topological,Expert,6278,17291,3,False,idp_only
180,K,Corrective-RAG,,,,,,multi_hop_topological,Expert,4472,11307,1,False,idp_only
181,I,RAPTOR,,,,,,spatial_awareness,High,356,4392,1,False,idp_only
181,J,HyDE+Fusion,,,,,,spatial_awareness,High,6311,14809,3,False,idp_only
181,K,Corrective-RAG,,,,,,spatial_awareness,High,7830,11310,3,False,idp_only
182,I,RAPTOR,,,,,,spatial_awareness,High,260,9480,1,False,idp_only
182,J,HyDE+Fusion,,,,,,spatial_awareness,High,5717,9694,3,False,idp_only
182,K,Corrective-RAG,,,,,,spatial_awareness,High,4669,8865,1,False,idp_only
183,I,RAPTOR,,,,,,spatial_awareness,High,236,4221,1,False,idp_only
183,J,HyDE+Fusion,,,,,,spatial_awareness,High,8887,17000,5,False,idp_only
183,K,Corrective-RAG,,,,,,spatial_awareness,High,4924,9208,2,False,idp_only
184,I,RAPTOR,,,,,,multi_hop_topological,Expert,233,3877,0,False,idp_only
184,J,HyDE+Fusion,,,,,,multi_hop_topological,Expert,6286,16632,1,False,idp_only
184,K,Corrective-RAG,,,,,,multi_hop_topological,Expert,4469,9273,1,False,idp_only
185,I,RAPTOR,,,,,,spatial_awareness,High,228,4625,1,False,idp_only
185,J,HyDE+Fusion,,,,,,spatial_awareness,High,5983,16620,4,False,idp_only
185,K,Corrective-RAG,,,,,,spatial_awareness,High,3942,14021,1,False,idp_only
186,I,RAPTOR,,,,,,analytical_aggregation,Hard,239,8554,0,False,idp_only
186,J,HyDE+Fusion,,,,,,analytical_aggregation,Hard,5961,12311,2,False,idp_only
186,K,Corrective-RAG,,,,,,analytical_aggregation,Hard,4897,15927,1,False,idp_only
187,I,RAPTOR,,,,,,multi_hop_topological,Expert,216,7233,0,False,idp_only
187,J,HyDE+Fusion,,,,,,multi_hop_topological,Expert,5476,15403,3,False,idp_only
187,K,Corrective-RAG,,,,,,multi_hop_topological,Expert,7454,14409,5,False,idp_only
188,I,RAPTOR,,,,,,multi_hop_topological,Expert,239,9906,0,False,idp_only
188,J,HyDE+Fusion,,,,,,multi_hop_topological,Expert,6088,9780,2,False,idp_only
188,K,Corrective-RAG,,,,,,multi_hop_topological,Expert,6002,17870,3,False,idp_only
189,I,RAPTOR,,,,,,multi_hop_topological,Expert,230,7117,0,False,idp_only
189,J,HyDE+Fusion,,,,,,multi_hop_topological,Expert,6136,13202,3,False,idp_only
189,K,Corrective-RAG,,,,,,multi_hop_topological,Expert,4392,9207,3,False,idp_only
190,I,RAPTOR,,,,,,spatial_awareness,High,236,11349,1,False,idp_only
190,J,HyDE+Fusion,,,,,,spatial_awareness,High,5724,9150,4,False,idp_only
190,K,Corrective-RAG,,,,,,spatial_awareness,High,4468,12229,3,False,idp_only
191,I,RAPTOR,,,,,,multi_hop_topological,Expert,212,7614,0,False,idp_only
191,J,HyDE+Fusion,,,,,,multi_hop_topological,Expert,5870,10959,4,False,idp_only
191,K,Corrective-RAG,,,,,,multi_hop_topological,Expert,5985,16247,2,False,idp_only
192,I,RAPTOR,,,,,,analytical_aggregation,Hard,272,6623,0,False,idp_only
192,J,HyDE+Fusion,,,,,,analytical_aggregation,Hard,5519,9671,2,False,idp_only
192,K,Corrective-RAG,,,,,,analytical_aggregation,Hard,4670,16518,4,False,idp_only
193,I,RAPTOR,,,,,,analytical_aggregation,Hard,285,6679,0,False,idp_only
193,J,HyDE+Fusion,,,,,,analytical_aggregation,Hard,5803,9675,3,False,idp_only
193,K,Corrective-RAG,,,,,,analytical_aggregation,Hard,4897,14821,1,False,idp_only
194,I,RAPTOR,,,,,,multi_hop_topological,Expert,256,4038,0,False,idp_only
194,J,HyDE+Fusion,,,,,,multi_hop_topological,Expert,5982,15241,1,False,idp_only
194,K,Corrective-RAG,,,,,,multi_hop_topological,Expert,4742,10920,3,False,idp_only
195,I,RAPTOR,,,,,,spatial_awareness,High,467,12157,1,False,idp_only
195,J,HyDE+Fusion,,,,,,spatial_awareness,High,8971,19403,2,False,idp_only
195,K,Corrective-RAG,,,,,,spatial_awareness,High,4762,17468,1,False,idp_only
196,I,RAPTOR,,,,,,analytical_aggregation,Hard,322,6003,0,False,idp_only
196,J,HyDE+Fusion,,,,,,analytical_aggregation,Hard,9325,18053,1,False,idp_only
196,K,Corrective-RAG,,,,,,analytical_aggregation,Hard,7496,12832,1,False,idp_only
197,I,RAPTOR,,,,,,analytical_aggregation,Hard,230,7405,0,False,idp_only
197,J,HyDE+Fusion,,,,,,analytical_aggregation,Hard,5881,10652,4,False,idp_only
197,K,Corrective-RAG,,,,,,analytical_aggregation,Hard,11272,14730,3,False,idp_only
198,I,RAPTOR,,,,,,analytical_aggregation,Hard,243,3071,0,False,idp_only
198,J,HyDE+Fusion,,,,,,analytical_aggregation,Hard,6208,10557,2,False,idp_only
198,K,Corrective-RAG,,,,,,analytical_aggregation,Hard,4436,15533,3,False,idp_only
199,I,RAPTOR,,,,,,spatial_awareness,High,253,8928,2,False,idp_only
199,J,HyDE+Fusion,,,,,,spatial_awareness,High,8816,18080,2,False,idp_only
199,K,Corrective-RAG,,,,,,spatial_awareness,High,1921,9547,4,False,idp_only
