q_id,group,score,accuracy,reasoning,tokens,latency_ms,retrieval_ms,type,difficulty,bim_insight,hallucination,expanded_from_seed,context_is_iap,truncated,prompt_mode
0,H,1,0,1,3306,13827,626,multi_hop_topological,Expert,False,True,False,False,False,appendix_c
0,I,2,1,1,1634,7678,634,multi_hop_topological,Expert,True,True,False,False,False,appendix_c
0,J,9,5,2,1514,14219,8210,multi_hop_topological,Expert,True,False,False,False,False,appendix_c
1,H,7,4,2,3436,7162,571,analytical_aggregation,Hard,True,True,False,False,False,appendix_c
1,I,7,4,2,1116,6535,451,analytical_aggregation,Hard,False,True,False,False,False,appendix_c
1,J,7,4,2,1337,13375,6772,analytical_aggregation,Hard,False,True,False,False,False,appendix_c
2,H,2,1,1,3483,13894,346,multi_hop_topological,Expert,True,True,False,False,False,appendix_c
2,I,7,4,2,1544,13226,327,multi_hop_topological,Expert,True,True,False,False,False,appendix_c
2,J,3,2,1,2180,12910,6761,multi_hop_topological,Expert,True,True,False,False,False,appendix_c
3,H,1,0,1,3602,11460,318,multi_hop_topological,Expert,True,True,False,False,True,appendix_c
3,I,1,0,1,1561,6311,335,multi_hop_topological,Expert,False,True,False,False,False,appendix_c
3,J,6,3,2,1710,19226,6394,multi_hop_topological,Expert,True,True,False,False,False,appendix_c
4,H,1,1,0,3357,9153,331,spatial_awareness,High,False,True,False,False,False,appendix_c
4,I,1,1,0,1183,11491,395,spatial_awareness,High,False,True,False,False,False,appendix_c
4,J,4,3,1,1141,16126,5971,spatial_awareness,High,False,False,False,False,False,appendix_c
5,H,1,1,0,3125,9586,312,multi_hop_topological,Expert,False,True,False,False,False,appendix_c
5,I,1,1,0,1293,6894,361,multi_hop_topological,Expert,False,True,False,False,False,appendix_c
5,J,1,0,1,2426,12948,6473,multi_hop_topological,Expert,False,True,False,False,False,appendix_c
6,H,3,2,1,3183,11963,314,spatial_awareness,High,False,True,False,False,False,appendix_c
6,I,2,1,1,1290,6154,323,spatial_awareness,High,False,True,False,False,False,appendix_c
6,J,4,2,2,1105,15967,6710,spatial_awareness,High,False,False,False,False,False,appendix_c
7,H,4,2,2,3539,12419,375,analytical_aggregation,Hard,False,True,False,False,False,appendix_c
7,I,3,1,2,1490,11548,354,analytical_aggregation,Hard,False,True,False,False,False,appendix_c
7,J,1,0,1,1314,18422,6262,analytical_aggregation,Hard,False,True,False,False,False,appendix_c
8,H,1,0,1,3269,14173,295,spatial_awareness,High,False,True,False,False,False,appendix_c
8,I,6,4,2,1140,11027,300,spatial_awareness,High,False,True,False,False,False,appendix_c
8,J,9,5,3,1130,17960,6918,spatial_awareness,High,False,False,False,False,False,appendix_c
9,H,1,0,1,3325,6965,368,spatial_awareness,High,False,True,False,False,False,appendix_c
9,I,4,3,1,1213,6373,322,spatial_awareness,High,False,True,False,False,False,appendix_c
9,J,3,2,1,1147,17081,6969,spatial_awareness,High,False,False,False,False,False,appendix_c
10,H,2,1,1,3453,13536,324,multi_hop_topological,Expert,True,True,False,False,False,appendix_c
10,I,4,3,1,1567,6917,357,multi_hop_topological,Expert,True,True,False,False,False,appendix_c
10,J,8,5,2,1508,18517,6208,multi_hop_topological,Expert,True,False,False,False,False,appendix_c
11,H,2,1,1,3396,14038,338,analytical_aggregation,Hard,False,True,False,False,False,appendix_c
11,I,3,2,1,1330,13180,325,analytical_aggregation,Hard,False,True,False,False,False,appendix_c
11,J,2,1,1,2301,12543,5964,analytical_aggregation,Hard,False,True,False,False,False,appendix_c
12,H,2,1,1,3510,10517,315,analytical_aggregation,Hard,False,True,False,False,False,appendix_c
12,I,5,3,2,1627,7283,308,analytical_aggregation,Hard,False,True,False,False,False,appendix_c
12,J,2,1,1,1535,22537,7198,analytical_aggregation,Hard,False,True,False,False,False,appendix_c
13,H,2,1,1,3624,11525,327,multi_hop_topological,Expert,True,True,False,False,True,appendix_c
13,I,1,0,1,1247,6756,324,multi_hop_topological,Expert,False,True,False,False,False,appendix_c
13,J,4,3,1,1711,19402,7001,multi_hop_topological,Expert,True,True,False,False,False,appendix_c
14,H,3,2,1,3317,12860,324,analytical_aggregation,Hard,False,True,False,False,False,appendix_c
14,I,3,2,1,1498,7176,337,analytical_aggregation,Hard,False,True,False,False,False,appendix_c
14,J,2,1,1,1671,19911,6940,analytical_aggregation,Hard,False,True,False,False,False,appendix_c
15,H,1,0,1,3062,15975,351,spatial_awareness,High,False,True,False,False,False,appendix_c
15,I,2,1,1,1172,11881,386,spatial_awareness,High,False,True,False,False,False,appendix_c
15,J,3,2,1,1197,19024,6075,spatial_awareness,High,False,True,False,False,False,appendix_c
16,H,1,1,0,3292,6272,401,spatial_awareness,High,False,True,False,False,False,appendix_c
16,I,1,1,0,1164,10149,364,spatial_awareness,High,False,True,False,False,False,appendix_c
16,J,1,1,0,1526,22919,6238,spatial_awareness,High,False,True,False,False,False,appendix_c
17,H,1,0,1,3324,7380,444,spatial_awareness,High,False,True,False,False,False,appendix_c
17,I,2,1,1,1070,9795,469,spatial_awareness,High,False,True,False,False,False,appendix_c
17,J,2,1,1,1144,19137,6668,spatial_awareness,High,False,True,False,False,False,appendix_c
18,H,1,0,1,3414,12769,376,analytical_aggregation,Hard,False,True,False,False,False,appendix_c
18,I,4,2,1,1613,6873,435,analytical_aggregation,Hard,False,True,False,False,False,appendix_c
18,J,2,1,1,2037,18201,6728,analytical_aggregation,Hard,False,True,False,False,False,appendix_c
19,H,6,4,2,3467,9144,357,multi_hop_topological,Expert,False,False,False,False,True,appendix_c
19,I,1,0,1,1631,8638,385,multi_hop_topological,Expert,False,True,False,False,False,appendix_c
19,J,1,0,1,2350,20446,6585,multi_hop_topological,Expert,False,True,False,False,False,appendix_c
20,H,1,1,0,3345,12978,1029,multi_hop_topological,Expert,True,True,False,False,False,appendix_c
20,I,6,4,2,1639,9109,876,multi_hop_topological,Expert,True,True,False,False,False,appendix_c
20,J,8,5,3,1824,21614,6445,multi_hop_topological,Expert,True,False,False,False,False,appendix_c
21,H,4,3,1,3629,9026,366,analytical_aggregation,Hard,False,True,False,False,False,appendix_c
21,I,3,2,1,1438,12459,403,analytical_aggregation,Hard,False,True,False,False,False,appendix_c
21,J,1,0,1,1280,22517,7877,analytical_aggregation,Hard,False,True,False,False,False,appendix_c
22,H,1,0,1,3301,7460,343,spatial_awareness,High,False,True,False,False,False,appendix_c
22,I,4,2,1,1199,5762,521,spatial_awareness,High,False,True,False,False,False,appendix_c
22,J,8,5,3,1138,17379,6297,spatial_awareness,High,False,False,False,False,False,appendix_c
23,H,1,0,1,3355,15613,419,spatial_awareness,High,False,True,False,False,False,appendix_c
23,I,0,0,0,1235,12450,436,spatial_awareness,High,False,True,False,False,False,appendix_c
23,J,1,1,0,1461,13495,6915,spatial_awareness,High,False,True,False,False,False,appendix_c
24,H,1,1,0,3473,9994,530,multi_hop_topological,Expert,False,True,False,False,True,appendix_c
24,I,6,4,2,1624,9427,519,multi_hop_topological,Expert,True,True,False,False,False,appendix_c
24,J,0,0,0,2362,20179,6999,multi_hop_topological,Expert,False,True,False,False,False,appendix_c
25,H,3,2,1,3436,12120,357,analytical_aggregation,Hard,False,True,False,False,False,appendix_c
25,I,2,1,1,1113,6623,331,analytical_aggregation,Hard,False,True,False,False,False,appendix_c
25,J,1,1,0,1315,11967,6351,analytical_aggregation,Hard,False,True,False,False,False,appendix_c
26,H,1,1,0,3505,8908,351,multi_hop_topological,Expert,False,True,False,False,True,appendix_c
26,I,1,0,1,1646,6575,334,multi_hop_topological,Expert,True,True,False,False,False,appendix_c
26,J,2,1,1,1626,18540,6309,multi_hop_topological,Expert,True,True,False,False,False,appendix_c
27,H,4,2,1,3281,12565,371,multi_hop_topological,Expert,True,True,False,False,False,appendix_c
27,I,0,0,0,1273,14965,313,multi_hop_topological,Expert,False,True,False,False,False,appendix_c
27,J,7,5,2,1285,19287,6498,multi_hop_topological,Expert,True,False,False,False,False,appendix_c
28,H,2,1,1,3623,28451,428,multi_hop_topological,Expert,False,True,False,False,True,appendix_c
28,I,1,1,0,1274,14698,451,multi_hop_topological,Expert,False,True,False,False,False,appendix_c
28,J,1,0,1,1915,12188,6439,multi_hop_topological,Expert,True,True,False,False,False,appendix_c
29,H,1,1,0,3262,11978,333,spatial_awareness,High,False,True,False,False,False,appendix_c
29,I,7,4,2,1155,10076,364,spatial_awareness,High,False,True,False,False,False,appendix_c
29,J,3,2,1,1382,19656,6416,spatial_awareness,High,False,True,False,False,False,appendix_c
30,H,2,1,1,3305,5583,594,analytical_aggregation,Hard,False,False,False,False,False,appendix_c
30,I,2,1,1,1423,13346,356,analytical_aggregation,Hard,False,True,False,False,False,appendix_c
30,J,3,2,1,2071,11795,5982,analytical_aggregation,Hard,False,True,False,False,False,appendix_c
31,H,3,2,1,3252,10514,431,multi_hop_topological,Expert,False,True,False,False,False,appendix_c
31,I,0,0,0,1278,19472,2078,multi_hop_topological,Expert,False,True,False,False,False,appendix_c
31,J,4,2,1,1927,23727,10058,multi_hop_topological,Expert,True,True,False,False,False,appendix_c
32,H,1,0,1,3311,16923,3918,spatial_awareness,High,False,True,False,False,False,appendix_c
32,I,7,4,2,1122,14336,3799,spatial_awareness,High,False,False,False,False,False,appendix_c
32,J,9,5,3,1127,17737,6629,spatial_awareness,High,False,False,False,False,False,appendix_c
33,H,2,1,1,3528,14391,478,analytical_aggregation,Hard,False,True,False,False,False,appendix_c
33,I,1,1,0,1505,6956,383,analytical_aggregation,Hard,False,True,False,False,False,appendix_c
33,J,3,2,1,1718,15242,6315,analytical_aggregation,Hard,False,True,False,False,False,appendix_c
34,H,1,1,0,3238,9485,455,multi_hop_topological,Expert,False,False,False,False,False,appendix_c
34,I,2,1,1,1668,8747,401,multi_hop_topological,Expert,False,True,False,False,False,appendix_c
34,J,1,1,0,2353,12967,6536,multi_hop_topological,Expert,False,True,False,False,False,appendix_c
35,H,2,1,1,3382,12589,838,multi_hop_topological,Expert,False,True,False,False,False,appendix_c
35,I,6,4,2,1390,14792,634,multi_hop_topological,Expert,True,True,False,False,False,appendix_c
35,J,1,1,0,2139,12900,6601,multi_hop_topological,Expert,False,True,False,False,False,appendix_c
36,H,6,3,2,3238,14867,435,analytical_aggregation,Hard,False,True,False,False,False,appendix_c
36,I,1,1,0,1426,14132,362,analytical_aggregation,Hard,False,True,False,False,False,appendix_c
36,J,2,1,1,2287,16182,6676,analytical_aggregation,Hard,False,True,False,False,False,appendix_c
37,H,3,2,1,3638,7304,501,analytical_aggregation,Hard,False,True,False,False,True,appendix_c
37,I,3,2,1,1474,7074,365,analytical_aggregation,Hard,False,True,False,False,False,appendix_c
37,J,2,1,1,2247,12298,6029,analytical_aggregation,Hard,False,True,False,False,False,appendix_c
38,H,3,2,1,3251,13678,344,spatial_awareness,High,False,True,False,False,False,appendix_c
38,I,2,1,1,1188,13569,391,spatial_awareness,High,False,True,False,False,False,appendix_c
38,J,7,4,3,1371,16200,6100,spatial_awareness,High,False,True,False,False,False,appendix_c
39,H,6,4,2,3705,7575,387,analytical_aggregation,Hard,False,True,False,False,True,appendix_c
39,I,2,1,1,1452,6666,375,analytical_aggregation,Hard,False,True,False,False,False,appendix_c
39,J,3,2,1,2252,14555,7812,analytical_aggregation,Hard,False,True,False,False,False,appendix_c
40,H,1,0,1,3322,6999,390,spatial_awareness,High,False,True,False,False,False,appendix_c
40,I,3,2,1,1270,13269,514,spatial_awareness,High,False,True,False,False,False,appendix_c
40,J,8,4,3,1145,16974,6300,spatial_awareness,High,False,False,False,False,False,appendix_c
41,H,1,0,1,3252,13172,738,spatial_awareness,High,False,True,False,False,False,appendix_c
41,I,2,1,1,1281,11560,375,spatial_awareness,High,False,True,False,False,False,appendix_c
41,J,2,1,1,1109,16494,6874,spatial_awareness,High,False,True,False,False,False,appendix_c
42,H,3,2,1,3234,11379,320,spatial_awareness,High,False,True,False,False,False,appendix_c
42,I,1,1,0,895,14238,319,spatial_awareness,High,False,True,False,False,False,appendix_c
42,J,7,4,3,1140,18888,6388,spatial_awareness,High,False,False,False,False,False,appendix_c
43,H,2,1,1,3524,10964,397,analytical_aggregation,Hard,False,True,False,False,False,appendix_c
43,I,1,0,1,1463,5980,373,analytical_aggregation,Hard,False,True,False,False,False,appendix_c
43,J,3,2,1,1772,14362,6518,analytical_aggregation,Hard,False,True,False,False,False,appendix_c
44,H,1,1,0,3526,15138,682,multi_hop_topological,Expert,False,True,False,False,True,appendix_c
44,I,4,2,2,1522,15215,500,multi_hop_topological,Expert,True,True,False,False,False,appendix_c
44,J,1,1,0,1662,14698,6095,multi_hop_topological,Expert,True,True,False,False,False,appendix_c
45,H,7,4,2,3645,12866,331,multi_hop_topological,Expert,True,True,False,False,True,appendix_c
45,I,1,0,1,1331,7280,795,multi_hop_topological,Expert,True,True,False,False,False,appendix_c
45,J,4,2,1,1722,20252,6463,multi_hop_topological,Expert,True,True,False,False,False,appendix_c
46,H,1,0,1,3226,15929,1538,spatial_awareness,High,False,True,False,False,False,appendix_c
46,I,2,2,0,1261,11447,983,spatial_awareness,High,False,True,False,False,False,appendix_c
46,J,3,2,1,1146,16595,5892,spatial_awareness,High,False,False,False,False,False,appendix_c
47,H,3,2,1,3511,13791,673,analytical_aggregation,Hard,False,True,False,False,False,appendix_c
47,I,4,3,1,1471,5777,427,analytical_aggregation,Hard,False,True,False,False,False,appendix_c
47,J,2,1,1,2019,13853,6574,analytical_aggregation,Hard,False,True,False,False,False,appendix_c
48,H,1,0,1,3379,7304,342,spatial_awareness,High,False,True,False,False,False,appendix_c
48,I,1,0,1,1249,6809,530,spatial_awareness,High,False,True,False,False,False,appendix_c
48,J,1,1,0,1117,17539,6317,spatial_awareness,High,False,True,False,False,False,appendix_c
49,H,8,5,2,3379,14149,403,analytical_aggregation,Hard,False,True,False,False,False,appendix_c
49,I,6,4,2,1319,10660,383,analytical_aggregation,Hard,False,False,False,False,False,appendix_c
49,J,1,0,1,2167,12466,5959,analytical_aggregation,Hard,True,True,False,False,False,appendix_c
50,H,7,4,3,3369,5692,383,analytical_aggregation,Hard,False,False,False,False,False,appendix_c
50,I,6,4,2,1821,17794,360,analytical_aggregation,Hard,False,True,False,False,False,appendix_c
50,J,4,3,1,1568,25182,6070,analytical_aggregation,Hard,False,True,False,False,False,appendix_c
51,H,2,1,1,3515,17043,355,analytical_aggregation,Hard,False,True,False,False,False,appendix_c
51,I,6,4,2,1599,15093,329,analytical_aggregation,Hard,False,True,False,False,False,appendix_c
51,J,2,1,1,1611,51691,35764,analytical_aggregation,Hard,False,True,False,False,False,appendix_c
52,H,1,1,0,3451,34036,16892,analytical_aggregation,Hard,False,True,False,False,False,appendix_c
52,I,3,2,1,1451,31626,15818,analytical_aggregation,Hard,False,True,False,False,False,appendix_c
52,J,1,1,0,2264,49337,38388,analytical_aggregation,Hard,False,True,False,False,False,appendix_c
53,H,1,0,1,3336,26385,6475,spatial_awareness,High,False,True,False,False,False,appendix_c
53,I,1,1,0,1219,24743,5958,spatial_awareness,High,False,True,False,False,False,appendix_c
53,J,1,1,0,1119,16385,6354,spatial_awareness,High,False,True,False,False,False,appendix_c
54,H,4,2,1,3519,12923,353,analytical_aggregation,Hard,False,True,False,False,False,appendix_c
54,I,9,5,3,1324,10762,455,analytical_aggregation,Hard,False,False,False,False,False,appendix_c
54,J,1,0,1,1919,13084,6408,analytical_aggregation,Hard,False,True,False,False,False,appendix_c
55,H,7,4,2,3378,6161,424,analytical_aggregation,Hard,False,False,False,False,False,appendix_c
55,I,3,2,1,1694,6940,479,analytical_aggregation,Hard,False,True,False,False,False,appendix_c
55,J,3,2,1,2136,21337,6702,analytical_aggregation,Hard,True,True,False,False,False,appendix_c
56,H,1,0,1,3222,12050,461,spatial_awareness,High,False,True,False,False,False,appendix_c
56,I,1,1,0,1207,12197,408,spatial_awareness,High,False,True,False,False,False,appendix_c
56,J,2,1,1,1152,20315,6794,spatial_awareness,High,False,True,False,False,False,appendix_c
57,H,2,1,1,3525,13686,475,analytical_aggregation,Hard,False,True,False,False,False,appendix_c
57,I,3,2,1,1474,6129,396,analytical_aggregation,Hard,False,True,False,False,False,appendix_c
57,J,2,1,1,1779,15845,9469,analytical_aggregation,Hard,False,True,False,False,False,appendix_c
58,H,7,4,2,3412,7372,1094,analytical_aggregation,Hard,False,False,False,False,False,appendix_c
58,I,6,4,2,1670,7890,832,analytical_aggregation,Hard,False,False,False,False,False,appendix_c
58,J,2,1,1,1802,20753,6972,analytical_aggregation,Hard,False,True,False,False,False,appendix_c
59,H,9,5,3,3269,13961,1729,multi_hop_topological,Expert,True,False,False,False,False,appendix_c
59,I,5,3,2,1545,15533,474,multi_hop_topological,Expert,True,True,False,False,False,appendix_c
59,J,8,4,2,1539,42091,6561,multi_hop_topological,Expert,True,False,False,False,False,appendix_c
60,H,1,0,1,3258,7500,319,spatial_awareness,High,False,True,False,False,False,appendix_c
60,I,9,5,3,1118,13198,485,spatial_awareness,High,False,False,False,False,False,appendix_c
60,J,8,4,2,1111,17591,6509,spatial_awareness,High,False,False,False,False,False,appendix_c
61,H,1,0,1,3366,7602,648,spatial_awareness,High,False,True,False,False,False,appendix_c
61,I,1,0,1,1213,12948,318,spatial_awareness,High,False,True,False,False,False,appendix_c
61,J,2,1,1,1141,18539,6598,spatial_awareness,High,False,True,False,False,False,appendix_c
62,H,2,1,1,3143,8769,373,multi_hop_topological,Expert,False,True,False,False,False,appendix_c
62,I,6,4,2,1338,5767,414,multi_hop_topological,Expert,True,True,False,False,False,appendix_c
62,J,0,0,0,2438,13830,6496,multi_hop_topological,Expert,False,True,False,False,False,appendix_c
63,H,4,3,1,3548,12621,326,analytical_aggregation,Hard,False,True,False,False,False,appendix_c
63,I,3,2,1,1522,14042,315,analytical_aggregation,Hard,False,True,False,False,False,appendix_c
63,J,3,2,1,2206,20001,6027,analytical_aggregation,Hard,False,True,False,False,False,appendix_c
64,H,1,1,0,3539,15013,312,multi_hop_topological,Expert,False,True,False,False,True,appendix_c
64,I,1,1,0,1548,6165,326,multi_hop_topological,Expert,False,True,False,False,False,appendix_c
64,J,3,2,1,1472,20746,6766,multi_hop_topological,Expert,True,True,False,False,False,appendix_c
65,H,1,1,0,3503,5988,321,multi_hop_topological,Expert,False,True,False,False,True,appendix_c
65,I,6,4,2,1696,7095,357,multi_hop_topological,Expert,True,False,False,False,False,appendix_c
65,J,2,1,1,1697,20816,6048,multi_hop_topological,Expert,True,True,False,False,False,appendix_c
66,H,5,3,2,3322,12860,277,multi_hop_topological,Expert,True,True,False,False,False,appendix_c
66,I,1,1,0,1202,14707,311,multi_hop_topological,Expert,False,True,False,False,False,appendix_c
66,J,0,0,0,1955,21194,6778,multi_hop_topological,Expert,False,True,False,False,False,appendix_c
67,H,3,2,1,3634,6730,315,multi_hop_topological,Expert,True,True,False,False,True,appendix_c
67,I,4,3,1,1688,6944,301,multi_hop_topological,Expert,True,True,False,False,False,appendix_c
67,J,3,2,1,1756,18959,6310,multi_hop_topological,Expert,False,True,False,False,False,appendix_c
68,H,1,0,1,3358,14454,813,multi_hop_topological,Expert,True,True,False,False,False,appendix_c
68,I,1,1,0,1507,13565,358,multi_hop_topological,Expert,False,True,False,False,False,appendix_c
68,J,2,1,1,2307,18777,6440,multi_hop_topological,Expert,True,True,False,False,False,appendix_c
69,H,1,1,0,3313,10911,370,spatial_awareness,High,False,True,False,False,False,appendix_c
69,I,3,2,1,1274,12907,378,spatial_awareness,High,False,True,False,False,False,appendix_c
69,J,7,4,3,1097,15332,6189,spatial_awareness,High,False,False,False,False,False,appendix_c
70,H,1,1,0,3203,12612,340,spatial_awareness,High,False,True,False,False,False,appendix_c
70,I,1,1,0,1191,10078,357,spatial_awareness,High,False,True,False,False,False,appendix_c
70,J,3,2,1,1826,16828,6023,spatial_awareness,High,False,True,False,False,False,appendix_c
71,H,1,1,0,3442,11315,417,multi_hop_topological,Expert,False,True,False,False,True,appendix_c
71,I,0,0,0,1224,15482,307,multi_hop_topological,Expert,False,True,False,False,False,appendix_c
71,J,1,0,1,2314,13036,5855,multi_hop_topological,Expert,False,True,False,False,False,appendix_c
72,H,1,1,0,3273,14975,304,spatial_awareness,High,False,True,False,False,False,appendix_c
72,I,4,3,1,1203,10400,337,spatial_awareness,High,False,True,False,False,False,appendix_c
72,J,2,2,0,1490,18700,6197,spatial_awareness,High,False,True,False,False,False,appendix_c
73,H,1,0,1,3368,7124,358,spatial_awareness,High,False,True,False,False,False,appendix_c
73,I,1,1,0,1207,12384,472,spatial_awareness,High,False,True,False,False,False,appendix_c
73,J,2,1,1,1181,18184,6494,spatial_awareness,High,False,True,False,False,False,appendix_c
74,H,2,1,1,3345,6202,321,analytical_aggregation,Hard,False,True,False,False,False,appendix_c
74,I,5,3,2,1523,6890,446,analytical_aggregation,Hard,False,True,False,False,False,appendix_c
74,J,1,0,1,1280,14672,6050,analytical_aggregation,Hard,False,True,False,False,False,appendix_c
75,H,3,2,1,3163,10411,320,analytical_aggregation,Hard,False,False,False,False,False,appendix_c
75,I,4,2,2,1178,10628,369,analytical_aggregation,Hard,False,False,False,False,False,appendix_c
75,J,6,4,2,2152,20323,6059,analytical_aggregation,Hard,False,False,False,False,False,appendix_c
76,H,1,1,0,3313,6930,311,spatial_awareness,High,False,True,False,False,False,appendix_c
76,I,3,2,1,1265,12191,359,spatial_awareness,High,False,True,False,False,False,appendix_c
76,J,3,2,1,1597,17253,6465,spatial_awareness,High,False,True,False,False,False,appendix_c
77,H,1,0,1,3288,13596,516,spatial_awareness,High,False,True,False,False,False,appendix_c
77,I,1,0,1,1086,14505,369,spatial_awareness,High,False,True,False,False,False,appendix_c
77,J,1,1,0,1853,18918,7393,spatial_awareness,High,False,True,False,False,False,appendix_c
78,H,1,0,1,3285,6696,582,spatial_awareness,High,False,True,False,False,False,appendix_c
78,I,1,1,0,1189,12859,1050,spatial_awareness,High,False,True,False,False,False,appendix_c
78,J,3,2,1,1136,15711,6287,spatial_awareness,High,False,True,False,False,False,appendix_c
79,H,2,1,1,3319,5678,381,analytical_aggregation,Hard,False,True,False,False,False,appendix_c
79,I,3,2,1,1506,6682,378,analytical_aggregation,Hard,False,True,False,False,False,appendix_c
79,J,2,1,1,2320,15726,5988,analytical_aggregation,Hard,False,True,False,False,False,appendix_c
80,H,9,5,3,3298,13493,384,multi_hop_topological,Expert,True,False,False,False,False,appendix_c
80,I,2,1,1,1203,16895,316,multi_hop_topological,Expert,False,True,False,False,False,appendix_c
80,J,1,1,0,1372,31248,20401,multi_hop_topological,Expert,False,True,False,False,False,appendix_c
81,H,6,4,2,3569,22175,9155,multi_hop_topological,Expert,True,True,False,False,True,appendix_c
81,I,1,0,1,1314,19791,8807,multi_hop_topological,Expert,False,True,False,False,False,appendix_c
81,J,4,3,1,1726,21845,8833,multi_hop_topological,Expert,True,True,False,False,False,appendix_c
82,H,2,1,1,3493,10705,1096,analytical_aggregation,Hard,False,True,False,False,False,appendix_c
82,I,2,2,0,1512,6906,1000,analytical_aggregation,Hard,False,True,False,False,False,appendix_c
82,J,1,0,1,1089,22952,7194,analytical_aggregation,Hard,False,True,False,False,False,appendix_c
83,H,4,2,2,3267,10772,311,spatial_awareness,High,False,True,False,False,False,appendix_c
83,I,3,2,1,1169,11063,313,spatial_awareness,High,False,True,False,False,False,appendix_c
83,J,1,0,1,1181,21399,6630,spatial_awareness,High,False,True,False,False,False,appendix_c
84,H,2,1,1,3528,19740,351,analytical_aggregation,Hard,False,True,False,False,False,appendix_c
84,I,2,1,1,1510,13875,769,analytical_aggregation,Hard,False,True,False,False,False,appendix_c
84,J,1,0,1,1738,12894,6237,analytical_aggregation,Hard,False,True,False,False,False,appendix_c
85,H,1,1,0,3493,9975,327,multi_hop_topological,Expert,False,True,False,False,True,appendix_c
85,I,1,0,1,1704,15476,320,multi_hop_topological,Expert,True,True,False,False,False,appendix_c
85,J,5,3,1,1526,13554,6327,multi_hop_topological,Expert,True,True,False,False,False,appendix_c
86,H,1,1,0,3254,14102,305,multi_hop_topological,Expert,False,True,False,False,False,appendix_c
86,I,1,1,0,1507,11442,333,multi_hop_topological,Expert,True,True,False,False,False,appendix_c
86,J,3,2,1,2106,23025,6768,multi_hop_topological,Expert,False,True,False,False,False,appendix_c
87,H,4,2,1,3551,13973,429,multi_hop_topological,Expert,True,True,False,False,False,appendix_c
87,I,9,5,3,1572,6937,351,multi_hop_topological,Expert,True,False,False,False,False,appendix_c
87,J,8,5,2,1487,20814,8535,multi_hop_topological,Expert,True,False,False,False,False,appendix_c
88,H,2,1,1,3152,8465,1225,multi_hop_topological,Expert,False,False,False,False,False,appendix_c
88,I,3,2,1,1396,6479,315,multi_hop_topological,Expert,True,True,False,False,False,appendix_c
88,J,1,1,0,1930,14539,6537,multi_hop_topological,Expert,False,True,False,False,False,appendix_c
89,H,2,1,1,3198,8957,386,analytical_aggregation,Hard,False,True,False,False,False,appendix_c
89,I,6,4,2,1159,10425,416,analytical_aggregation,Hard,True,False,False,False,False,appendix_c
89,J,1,0,1,2319,13187,6200,analytical_aggregation,Hard,False,True,False,False,False,appendix_c
90,H,1,1,0,3118,14284,330,multi_hop_topological,Expert,False,True,False,False,False,appendix_c
90,I,2,1,1,1533,14951,308,multi_hop_topological,Expert,False,True,False,False,False,appendix_c
90,J,2,1,1,1850,18324,6687,multi_hop_topological,Expert,True,False,False,False,False,appendix_c
91,H,1,1,0,3301,15750,287,spatial_awareness,High,False,True,False,False,False,appendix_c
91,I,1,1,0,1137,10022,335,spatial_awareness,High,False,True,False,False,False,appendix_c
91,J,3,2,1,1340,16781,6700,spatial_awareness,High,False,False,False,False,False,appendix_c
92,H,1,1,0,3285,13539,409,multi_hop_topological,Expert,False,True,False,False,False,appendix_c
92,I,1,0,1,1480,14926,325,multi_hop_topological,Expert,False,True,False,False,False,appendix_c
92,J,1,1,0,1932,21185,7577,multi_hop_topological,Expert,True,True,False,False,False,appendix_c
93,H,4,2,2,3505,13563,321,multi_hop_topological,Expert,True,True,False,False,False,appendix_c
93,I,6,4,2,1574,6270,334,multi_hop_topological,Expert,True,True,False,False,False,appendix_c
93,J,3,2,1,1773,21663,6655,multi_hop_topological,Expert,True,True,False,False,False,appendix_c
94,H,2,1,1,3647,15475,315,multi_hop_topological,Expert,True,True,False,False,True,appendix_c
94,I,1,0,1,1374,6697,378,multi_hop_topological,Expert,False,True,False,False,False,appendix_c
94,J,1,1,0,2325,19138,6052,multi_hop_topological,Expert,False,True,False,False,False,appendix_c
95,H,4,2,1,3646,6961,390,multi_hop_topological,Expert,True,True,False,False,True,appendix_c
95,I,4,3,1,1674,6445,385,multi_hop_topological,Expert,True,True,False,False,False,appendix_c
95,J,3,2,1,1758,20467,6757,multi_hop_topological,Expert,True,True,False,False,False,appendix_c
96,H,4,3,1,3572,12702,317,analytical_aggregation,Hard,False,True,False,False,False,appendix_c
96,I,1,1,0,1474,12174,454,analytical_aggregation,Hard,False,True,False,False,False,appendix_c
96,J,1,0,1,1692,19172,6583,analytical_aggregation,Hard,False,True,False,False,False,appendix_c
97,H,6,4,2,3570,12283,355,multi_hop_topological,Expert,True,False,False,False,True,appendix_c
97,I,1,0,1,1250,6645,470,multi_hop_topological,Expert,False,True,False,False,False,appendix_c
97,J,4,3,1,1918,18253,6296,multi_hop_topological,Expert,False,True,False,False,False,appendix_c
98,H,1,0,1,3300,6681,375,spatial_awareness,High,False,True,False,False,False,appendix_c
98,I,2,1,1,1146,10456,850,spatial_awareness,High,False,True,False,False,False,appendix_c
98,J,3,2,1,1107,41484,6150,spatial_awareness,High,False,True,False,False,False,appendix_c
99,H,1,0,1,3277,11591,319,spatial_awareness,High,False,True,False,False,False,appendix_c
99,I,2,1,1,1175,12770,427,spatial_awareness,High,False,True,False,False,False,appendix_c
99,J,3,2,1,1095,18244,6060,spatial_awareness,High,False,True,False,False,False,appendix_c
100,H,2,1,1,3267,12394,423,spatial_awareness,High,False,True,False,False,False,appendix_c
100,I,2,1,1,1236,15409,341,spatial_awareness,High,False,True,False,False,False,appendix_c
100,J,1,1,0,1260,12507,6477,spatial_awareness,High,False,True,False,False,False,appendix_c
101,H,2,1,1,3211,12621,382,spatial_awareness,High,False,True,False,False,False,appendix_c
101,I,1,0,1,1296,9494,1075,spatial_awareness,High,False,True,False,False,False,appendix_c
101,J,2,1,1,1127,17761,6658,spatial_awareness,High,False,False,False,False,False,appendix_c
102,H,9,5,3,3505,6232,382,analytical_aggregation,Hard,True,False,False,False,False,appendix_c
102,I,2,1,1,1125,7669,408,analytical_aggregation,Hard,False,True,False,False,False,appendix_c
102,J,1,1,0,1344,13068,6884,analytical_aggregation,Hard,False,True,False,False,False,appendix_c
103,H,2,1,1,3484,9061,356,multi_hop_topological,Expert,False,True,False,False,True,appendix_c
103,I,2,1,1,1702,10404,1161,multi_hop_topological,Expert,True,True,False,False,False,appendix_c
103,J,2,1,1,1855,12908,6310,multi_hop_topological,Expert,True,True,False,False,False,appendix_c
104,H,2,1,1,3466,6838,379,analytical_aggregation,Hard,False,True,False,False,False,appendix_c
104,I,3,2,1,1682,6609,575,analytical_aggregation,Hard,False,True,False,False,False,appendix_c
104,J,1,0,1,1643,44321,6802,analytical_aggregation,Hard,False,True,False,False,False,appendix_c
105,H,8,5,2,3573,12957,353,multi_hop_topological,Expert,True,False,False,False,True,appendix_c
105,I,1,0,1,1292,6776,336,multi_hop_topological,Expert,False,True,False,False,False,appendix_c
105,J,3,2,1,1761,22589,6160,multi_hop_topological,Expert,True,True,False,False,False,appendix_c
106,H,1,0,1,3620,13147,381,multi_hop_topological,Expert,True,True,False,False,True,appendix_c
106,I,3,2,1,1673,13617,334,multi_hop_topological,Expert,True,True,False,False,False,appendix_c
106,J,6,4,2,1807,21247,6952,multi_hop_topological,Expert,True,False,False,False,False,appendix_c
107,H,1,1,0,3216,12394,517,spatial_awareness,High,False,True,False,False,False,appendix_c
107,I,3,2,1,1292,6598,323,spatial_awareness,High,False,True,False,False,False,appendix_c
107,J,3,2,1,1556,17313,7011,spatial_awareness,High,False,True,False,False,False,appendix_c
108,H,3,2,1,3525,7190,1006,analytical_aggregation,Hard,False,True,False,False,False,appendix_c
108,I,1,1,0,1469,14274,465,analytical_aggregation,Hard,False,True,False,False,False,appendix_c
108,J,2,1,1,1420,21477,6504,analytical_aggregation,Hard,False,True,False,False,False,appendix_c
109,H,1,1,0,3278,9005,462,multi_hop_topological,Expert,False,True,False,False,False,appendix_c
109,I,1,1,0,1177,14628,308,multi_hop_topological,Expert,False,True,False,False,False,appendix_c
109,J,2,1,1,1543,11217,6311,multi_hop_topological,Expert,False,True,False,False,False,appendix_c
110,H,1,0,1,3307,12151,364,spatial_awareness,High,False,True,False,False,False,appendix_c
110,I,3,2,1,1347,6830,395,spatial_awareness,High,False,True,False,False,False,appendix_c
110,J,1,1,0,1157,16905,5947,spatial_awareness,High,False,True,False,False,False,appendix_c
111,H,6,4,2,3293,10639,320,analytical_aggregation,Hard,False,False,False,False,False,appendix_c
111,I,2,1,1,1466,14196,321,analytical_aggregation,Hard,False,True,False,False,False,appendix_c
111,J,1,0,1,1436,21736,6680,analytical_aggregation,Hard,False,True,False,False,False,appendix_c
112,H,2,1,1,3473,8655,325,multi_hop_topological,Expert,False,True,False,False,True,appendix_c
112,I,0,0,0,1224,14230,327,multi_hop_topological,Expert,False,True,False,False,False,appendix_c
112,J,2,1,1,1870,13240,6456,multi_hop_topological,Expert,True,True,False,False,False,appendix_c
113,H,3,2,1,3379,5731,353,analytical_aggregation,Hard,False,True,False,False,False,appendix_c
113,I,3,2,1,1539,14309,926,analytical_aggregation,Hard,False,True,False,False,False,appendix_c
113,J,1,1,0,2252,18084,6631,analytical_aggregation,Hard,False,True,False,False,False,appendix_c
114,H,3,2,1,3272,13696,432,spatial_awareness,High,False,True,False,False,False,appendix_c
114,I,3,2,1,1155,11053,415,spatial_awareness,High,False,True,False,False,False,appendix_c
114,J,1,1,0,1192,15897,6164,spatial_awareness,High,False,True,False,False,False,appendix_c
115,H,6,3,3,3153,14095,480,spatial_awareness,High,False,False,False,False,False,appendix_c
115,I,1,1,0,1137,14416,471,spatial_awareness,High,False,True,False,False,False,appendix_c
115,J,1,0,1,1928,14002,6701,spatial_awareness,High,False,True,False,False,False,appendix_c
116,H,2,1,1,3304,13241,416,spatial_awareness,High,False,True,False,False,False,appendix_c
116,I,1,1,0,1157,14409,521,spatial_awareness,High,False,True,False,False,False,appendix_c
116,J,2,1,1,1164,20860,7836,spatial_awareness,High,False,True,False,False,False,appendix_c
117,H,1,1,0,3446,6022,361,multi_hop_topological,Expert,False,True,False,False,True,appendix_c
117,I,1,0,1,1522,15585,538,multi_hop_topological,Expert,True,True,False,False,False,appendix_c
117,J,3,2,1,2036,23584,6600,multi_hop_topological,Expert,True,True,False,False,False,appendix_c
118,H,1,0,1,3329,7159,427,spatial_awareness,High,False,True,False,False,False,appendix_c
118,I,1,0,1,1166,15404,1234,spatial_awareness,High,False,True,False,False,False,appendix_c
118,J,3,2,1,1105,17109,5907,spatial_awareness,High,False,True,False,False,False,appendix_c
119,H,1,1,0,3279,12609,384,spatial_awareness,High,False,True,False,False,False,appendix_c
119,I,1,1,0,1250,6728,358,spatial_awareness,High,False,True,False,False,False,appendix_c
119,J,7,4,3,1128,15391,6318,spatial_awareness,High,False,False,False,False,False,appendix_c
120,H,6,4,2,3334,13206,1126,analytical_aggregation,Hard,False,False,False,False,False,appendix_c
120,I,6,4,2,1480,6467,338,analytical_aggregation,Hard,False,True,False,False,False,appendix_c
120,J,2,1,1,1394,13018,6402,analytical_aggregation,Hard,False,True,False,False,False,appendix_c
121,H,1,1,0,3310,12354,334,spatial_awareness,High,False,True,False,False,False,appendix_c
121,I,3,2,1,1321,6823,312,spatial_awareness,High,False,True,False,False,False,appendix_c
121,J,2,1,1,1149,17052,5874,spatial_awareness,High,False,True,False,False,False,appendix_c
122,H,1,0,1,3236,11627,312,spatial_awareness,High,False,True,False,False,False,appendix_c
122,I,1,1,0,1164,14017,470,spatial_awareness,High,False,True,False,False,False,appendix_c
122,J,2,1,1,1133,17016,6159,spatial_awareness,High,False,True,False,False,False,appendix_c
123,H,3,2,1,3449,10705,325,multi_hop_topological,Expert,False,False,False,False,True,appendix_c
123,I,1,1,0,1125,16877,557,multi_hop_topological,Expert,True,True,False,False,False,appendix_c
123,J,1,0,1,2365,13551,6722,multi_hop_topological,Expert,False,True,False,False,False,appendix_c
124,H,6,4,2,3573,13430,1014,analytical_aggregation,Hard,False,True,False,False,False,appendix_c
124,I,2,1,1,1481,11567,364,analytical_aggregation,Hard,False,True,False,False,False,appendix_c
124,J,9,5,3,1437,21369,6619,analytical_aggregation,Hard,False,False,False,False,False,appendix_c
125,H,2,1,1,3267,14932,1834,spatial_awareness,High,False,True,False,False,False,appendix_c
125,I,1,1,0,1248,7695,488,spatial_awareness,High,False,True,False,False,False,appendix_c
125,J,1,0,1,1437,20351,6944,spatial_awareness,High,False,True,False,False,False,appendix_c
126,H,3,2,1,3510,17071,358,multi_hop_topological,Expert,True,True,False,False,False,appendix_c
126,I,9,5,3,1517,14104,455,multi_hop_topological,Expert,True,False,False,False,False,appendix_c
126,J,3,2,1,2077,20829,11480,multi_hop_topological,Expert,True,True,False,False,False,appendix_c
127,H,6,4,2,3320,15535,1648,analytical_aggregation,Hard,False,False,False,False,False,appendix_c
127,I,3,2,1,1585,15415,2486,analytical_aggregation,Hard,False,True,False,False,False,appendix_c
127,J,1,1,0,2106,25919,13044,analytical_aggregation,Hard,False,True,False,False,False,appendix_c
128,H,2,1,1,3227,9398,1733,spatial_awareness,High,False,True,False,False,False,appendix_c
128,I,1,1,0,1239,6246,328,spatial_awareness,High,False,True,False,False,False,appendix_c
128,J,4,2,2,1133,16538,6414,spatial_awareness,High,False,True,False,False,False,appendix_c
129,H,9,5,3,3326,12267,349,analytical_aggregation,Hard,False,False,False,False,False,appendix_c
129,I,6,3,2,1442,5991,347,analytical_aggregation,Hard,False,True,False,False,False,appendix_c
129,J,2,1,1,2061,17563,6405,analytical_aggregation,Hard,False,True,False,False,False,appendix_c
130,H,5,3,2,3195,11508,311,spatial_awareness,High,False,False,False,False,False,appendix_c
130,I,7,5,2,1138,9695,330,spatial_awareness,High,False,False,False,False,False,appendix_c
130,J,2,1,1,1142,17815,6906,spatial_awareness,High,False,True,False,False,False,appendix_c
131,H,1,0,1,3196,15492,344,analytical_aggregation,Hard,False,True,False,False,False,appendix_c
131,I,6,4,2,1309,13042,397,analytical_aggregation,Hard,False,False,False,False,False,appendix_c
131,J,2,1,1,1701,12198,6308,analytical_aggregation,Hard,False,True,False,False,False,appendix_c
132,H,4,2,2,3201,13429,392,spatial_awareness,High,False,True,False,False,False,appendix_c
132,I,1,1,0,1256,12509,363,spatial_awareness,High,False,True,False,False,False,appendix_c
132,J,1,1,0,1402,12423,6078,spatial_awareness,High,False,True,False,False,False,appendix_c
133,H,1,1,0,3336,12634,286,spatial_awareness,High,False,True,False,False,False,appendix_c
133,I,1,0,1,1275,6890,310,spatial_awareness,High,False,True,False,False,False,appendix_c
133,J,3,2,1,1130,10991,5885,spatial_awareness,High,False,False,False,False,False,appendix_c
134,H,4,3,1,3348,14386,1633,analytical_aggregation,Hard,False,True,False,False,False,appendix_c
134,I,3,2,1,1491,6878,354,analytical_aggregation,Hard,False,True,False,False,False,appendix_c
134,J,2,1,1,2142,21080,6209,analytical_aggregation,Hard,False,True,False,False,False,appendix_c
135,H,3,2,1,3579,13983,363,analytical_aggregation,Hard,False,True,False,False,False,appendix_c
135,I,3,2,1,1427,11093,624,analytical_aggregation,Hard,False,True,False,False,False,appendix_c
135,J,0,0,0,1864,20979,6790,analytical_aggregation,Hard,False,True,False,False,False,appendix_c
136,H,1,0,1,3273,6634,326,spatial_awareness,High,False,True,False,False,False,appendix_c
136,I,1,1,0,1160,10750,327,spatial_awareness,High,False,True,False,False,False,appendix_c
136,J,1,1,0,1185,16936,5948,spatial_awareness,High,False,True,False,False,False,appendix_c
137,H,7,4,3,3210,13597,353,spatial_awareness,High,False,False,False,False,False,appendix_c
137,I,4,3,1,1089,10577,315,spatial_awareness,High,False,True,False,False,False,appendix_c
137,J,1,1,0,1180,18461,6500,spatial_awareness,High,False,True,False,False,False,appendix_c
138,H,4,2,2,3373,14011,456,multi_hop_topological,Expert,False,True,False,False,False,appendix_c
138,I,5,3,2,1661,8423,1248,multi_hop_topological,Expert,True,True,False,False,False,appendix_c
138,J,0,0,0,2072,20683,5978,multi_hop_topological,Expert,False,True,False,False,False,appendix_c
139,H,8,5,2,3668,6834,323,analytical_aggregation,Hard,False,False,False,False,True,appendix_c
139,I,2,1,1,1477,7261,920,analytical_aggregation,Hard,False,True,False,False,False,appendix_c
139,J,2,1,1,1857,12802,6359,analytical_aggregation,Hard,False,True,False,False,False,appendix_c
140,H,1,1,0,3219,9643,316,multi_hop_topological,Expert,False,True,False,False,False,appendix_c
140,I,1,0,1,1290,14256,334,multi_hop_topological,Expert,False,True,False,False,False,appendix_c
140,J,6,4,2,1807,23491,7043,multi_hop_topological,Expert,True,True,False,False,False,appendix_c
141,H,3,2,1,3535,10129,395,analytical_aggregation,Hard,False,True,False,False,False,appendix_c
141,I,2,2,0,1395,6413,306,analytical_aggregation,Hard,False,True,False,False,False,appendix_c
141,J,1,0,1,2393,14985,6741,analytical_aggregation,Hard,False,True,False,False,False,appendix_c
142,H,9,5,3,3634,12091,328,multi_hop_topological,Expert,True,False,False,False,True,appendix_c
142,I,1,0,1,1288,6717,308,multi_hop_topological,Expert,False,True,False,False,False,appendix_c
142,J,3,2,1,2185,12454,6252,multi_hop_topological,Expert,True,True,False,False,False,appendix_c
143,H,1,1,0,3256,11636,439,multi_hop_topological,Expert,False,False,False,False,False,appendix_c
143,I,4,2,1,1632,7045,345,multi_hop_topological,Expert,True,True,False,False,False,appendix_c
143,J,1,0,1,2471,13210,6259,multi_hop_topological,Expert,False,True,False,False,False,appendix_c
144,H,3,2,1,3487,12313,329,analytical_aggregation,Hard,False,True,False,False,False,appendix_c
144,I,2,1,1,1419,7225,618,analytical_aggregation,Hard,False,True,False,False,False,appendix_c
144,J,4,2,2,1758,19474,6332,analytical_aggregation,Hard,False,False,False,False,False,appendix_c
145,H,1,0,1,3289,13619,864,spatial_awareness,High,False,True,False,False,False,appendix_c
145,I,3,2,1,1276,13390,578,spatial_awareness,High,False,True,False,False,False,appendix_c
145,J,0,0,0,1093,20840,6282,spatial_awareness,High,False,True,False,False,False,appendix_c
146,H,1,1,0,3268,14237,615,spatial_awareness,High,False,True,False,False,False,appendix_c
146,I,4,2,2,1297,14772,544,spatial_awareness,High,False,True,False,False,False,appendix_c
146,J,1,1,0,1115,18252,5963,spatial_awareness,High,False,True,False,False,False,appendix_c
147,H,0,0,0,3330,9064,568,spatial_awareness,High,False,True,False,False,False,appendix_c
147,I,4,3,1,1289,7111,972,spatial_awareness,High,False,True,False,False,False,appendix_c
147,J,2,1,1,1138,17949,6871,spatial_awareness,High,False,True,False,False,False,appendix_c
148,H,0,0,0,3206,14066,376,spatial_awareness,High,False,True,False,False,False,appendix_c
148,I,2,1,1,1245,10900,398,spatial_awareness,High,False,True,False,False,False,appendix_c
148,J,5,3,2,1147,20251,6367,spatial_awareness,High,False,True,False,False,False,appendix_c
149,H,1,0,1,3291,12211,359,spatial_awareness,High,False,True,False,False,False,appendix_c
149,I,3,2,1,1266,6184,334,spatial_awareness,High,False,True,False,False,False,appendix_c
149,J,3,2,1,1143,18837,6591,spatial_awareness,High,False,True,False,False,False,appendix_c
150,H,5,3,2,3536,15398,967,multi_hop_topological,Expert,True,True,False,False,False,appendix_c
150,I,7,4,2,1574,13849,369,multi_hop_topological,Expert,True,True,False,False,False,appendix_c
150,J,9,5,3,1285,24344,9013,multi_hop_topological,Expert,True,False,False,False,False,appendix_c
151,H,1,1,0,3174,13879,1161,spatial_awareness,High,False,True,False,False,False,appendix_c
151,I,2,1,1,1277,7330,1401,spatial_awareness,High,False,True,False,False,False,appendix_c
151,J,3,2,1,1111,17061,6324,spatial_awareness,High,False,True,False,False,False,appendix_c
152,H,1,1,0,3365,16663,353,multi_hop_topological,Expert,False,True,False,False,False,appendix_c
152,I,6,4,2,1641,6278,345,multi_hop_topological,Expert,True,True,False,False,False,appendix_c
152,J,3,2,1,1810,20826,6119,multi_hop_topological,Expert,False,True,False,False,False,appendix_c
153,H,2,1,1,3318,6709,363,spatial_awareness,High,False,True,False,False,False,appendix_c
153,I,2,1,1,1287,12243,349,spatial_awareness,High,False,True,False,False,False,appendix_c
153,J,1,1,0,1143,17482,6298,spatial_awareness,High,False,True,False,False,False,appendix_c
154,H,3,2,1,3228,12492,413,spatial_awareness,High,False,True,False,False,False,appendix_c
154,I,2,1,1,1301,13770,508,spatial_awareness,High,False,True,False,False,False,appendix_c
154,J,2,1,1,1136,16942,6648,spatial_awareness,High,False,True,False,False,False,appendix_c
155,H,2,1,1,3360,15948,2215,analytical_aggregation,Hard,False,True,False,False,False,appendix_c
155,I,3,2,1,1514,6210,341,analytical_aggregation,Hard,False,True,False,False,False,appendix_c
155,J,3,2,1,1293,18611,6719,analytical_aggregation,Hard,False,True,False,False,False,appendix_c
156,H,2,1,1,3329,13456,576,analytical_aggregation,Hard,False,True,False,False,False,appendix_c
156,I,1,1,0,1473,5822,346,analytical_aggregation,Hard,False,True,False,False,False,appendix_c
156,J,3,2,1,2121,18943,5906,analytical_aggregation,Hard,True,True,False,False,False,appendix_c
157,H,2,1,1,3295,13094,379,multi_hop_topological,Expert,True,True,False,False,False,appendix_c
157,I,3,2,1,1489,14873,419,multi_hop_topological,Expert,True,True,False,False,False,appendix_c
157,J,5,3,2,1727,13780,7306,multi_hop_topological,Expert,True,True,False,False,False,appendix_c
158,H,1,1,0,3281,11968,340,spatial_awareness,High,False,True,False,False,False,appendix_c
158,I,1,1,0,1133,14376,334,spatial_awareness,High,False,True,False,False,False,appendix_c
158,J,9,5,3,1108,20653,7858,spatial_awareness,High,False,False,False,False,False,appendix_c
159,H,1,1,0,3491,14355,378,multi_hop_topological,Expert,False,True,False,False,True,appendix_c
159,I,3,2,1,1647,6567,388,multi_hop_topological,Expert,True,True,False,False,False,appendix_c
159,J,2,1,1,1845,20074,6294,multi_hop_topological,Expert,True,True,False,False,False,appendix_c
160,H,1,1,0,3185,13969,936,spatial_awareness,High,False,True,False,False,False,appendix_c
160,I,3,2,1,1334,6937,297,spatial_awareness,High,False,True,False,False,False,appendix_c
160,J,1,1,0,1137,15412,5864,spatial_awareness,High,False,True,False,False,False,appendix_c
161,H,3,2,1,3286,11497,307,multi_hop_topological,Expert,False,True,False,False,False,appendix_c
161,I,1,0,1,1410,15097,339,multi_hop_topological,Expert,False,True,False,False,False,appendix_c
161,J,1,1,0,2085,12089,6504,multi_hop_topological,Expert,False,True,False,False,False,appendix_c
162,H,4,2,1,3333,15910,322,multi_hop_topological,Expert,True,True,False,False,True,appendix_c
162,I,1,0,1,1330,6319,315,multi_hop_topological,Expert,False,True,False,False,False,appendix_c
162,J,4,2,2,1800,17910,6359,multi_hop_topological,Expert,False,True,False,False,False,appendix_c
163,H,1,1,0,3484,10600,339,multi_hop_topological,Expert,False,True,False,False,True,appendix_c
163,I,2,1,1,1706,6739,384,multi_hop_topological,Expert,True,True,False,False,False,appendix_c
163,J,4,3,1,1751,12664,6430,multi_hop_topological,Expert,True,True,False,False,False,appendix_c
164,H,7,4,2,3382,16593,331,analytical_aggregation,Hard,False,True,False,False,False,appendix_c
164,I,5,3,2,1513,12896,322,analytical_aggregation,Hard,False,True,False,False,False,appendix_c
164,J,2,1,1,2262,13118,6668,analytical_aggregation,Hard,False,True,False,False,False,appendix_c
165,H,1,0,1,3562,13018,379,multi_hop_topological,Expert,False,True,False,False,True,appendix_c
165,I,3,2,1,1465,14026,504,multi_hop_topological,Expert,True,True,False,False,False,appendix_c
165,J,1,1,0,1367,11573,6359,multi_hop_topological,Expert,False,False,False,False,False,appendix_c
166,H,4,2,1,3596,13948,522,analytical_aggregation,Hard,False,True,False,False,False,appendix_c
166,I,3,2,1,1423,11728,339,analytical_aggregation,Hard,False,True,False,False,False,appendix_c
166,J,2,1,1,1353,19241,6882,analytical_aggregation,Hard,False,True,False,False,False,appendix_c
167,H,4,3,1,3611,15320,482,multi_hop_topological,Expert,True,True,False,False,True,appendix_c
167,I,2,1,1,1739,7126,435,multi_hop_topological,Expert,True,True,False,False,False,appendix_c
167,J,2,1,1,1511,19227,6606,multi_hop_topological,Expert,True,True,False,False,False,appendix_c
168,H,3,2,1,3484,12067,667,analytical_aggregation,Hard,False,True,False,False,False,appendix_c
168,I,1,1,0,1437,6760,601,analytical_aggregation,Hard,False,True,False,False,False,appendix_c
168,J,2,1,1,1823,12640,6264,analytical_aggregation,Hard,False,True,False,False,False,appendix_c
169,H,1,1,0,3327,12634,371,spatial_awareness,High,False,True,False,False,False,appendix_c
169,I,9,5,3,1120,12548,396,spatial_awareness,High,False,False,False,False,False,appendix_c
169,J,4,2,2,1144,11056,6188,spatial_awareness,High,False,True,False,False,False,appendix_c
170,H,3,2,1,3601,11162,342,multi_hop_topological,Expert,True,True,False,False,True,appendix_c
170,I,3,2,1,1728,6867,336,multi_hop_topological,Expert,False,True,False,False,False,appendix_c
170,J,9,5,3,1912,18519,7170,multi_hop_topological,Expert,True,False,False,False,False,appendix_c
171,H,1,1,0,3483,14414,1803,multi_hop_topological,Expert,False,True,False,False,True,appendix_c
171,I,1,0,1,1584,6619,434,multi_hop_topological,Expert,True,True,False,False,False,appendix_c
171,J,4,2,1,1956,20113,6295,multi_hop_topological,Expert,True,True,False,False,False,appendix_c
172,H,2,1,1,3481,8795,398,multi_hop_topological,Expert,False,True,False,False,True,appendix_c
172,I,1,0,1,1680,6503,375,multi_hop_topological,Expert,True,True,False,False,False,appendix_c
172,J,5,3,2,1418,19927,6297,multi_hop_topological,Expert,True,True,False,False,False,appendix_c
173,H,1,1,0,3569,12769,354,multi_hop_topological,Expert,False,True,False,False,True,appendix_c
173,I,2,1,1,1630,13613,331,multi_hop_topological,Expert,True,True,False,False,False,appendix_c
173,J,2,1,1,1670,22658,6433,multi_hop_topological,Expert,True,True,False,False,False,appendix_c
174,H,1,1,0,3223,11333,312,spatial_awareness,High,False,True,False,False,False,appendix_c
174,I,1,1,0,1186,6439,350,spatial_awareness,High,False,True,False,False,False,appendix_c
174,J,9,5,3,1105,18807,6187,spatial_awareness,High,False,False,False,False,False,appendix_c
175,H,1,0,1,3365,7296,330,spatial_awareness,High,False,True,False,False,False,appendix_c
175,I,1,0,1,1278,6572,323,spatial_awareness,High,False,True,False,False,False,appendix_c
175,J,4,3,1,1367,17199,5849,spatial_awareness,High,False,True,False,False,False,appendix_c
176,H,4,2,2,3635,7005,425,analytical_aggregation,Hard,False,True,False,False,True,appendix_c
176,I,3,2,1,1477,7082,630,analytical_aggregation,Hard,False,True,False,False,False,appendix_c
176,J,7,4,2,1577,13046,6437,analytical_aggregation,Hard,False,True,False,False,False,appendix_c
177,H,4,3,1,3724,9323,1382,analytical_aggregation,Hard,False,True,False,False,True,appendix_c
177,I,4,2,2,1485,9712,965,analytical_aggregation,Hard,False,True,False,False,False,appendix_c
177,J,2,1,1,2020,19358,6684,analytical_aggregation,Hard,False,True,False,False,False,appendix_c
178,H,4,2,1,3453,13340,343,analytical_aggregation,Hard,False,True,False,False,False,appendix_c
178,I,3,2,1,1633,7300,553,analytical_aggregation,Hard,False,True,False,False,False,appendix_c
178,J,3,2,1,1870,19844,6266,analytical_aggregation,Hard,False,True,False,False,False,appendix_c
179,H,3,2,1,3526,9489,403,multi_hop_topological,Expert,False,True,False,False,True,appendix_c
179,I,1,0,1,1673,6845,310,multi_hop_topological,Expert,True,True,False,False,False,appendix_c
179,J,3,2,1,1654,13749,6863,multi_hop_topological,Expert,True,True,False,False,False,appendix_c
180,H,1,1,0,3167,8129,332,multi_hop_topological,Expert,False,False,False,False,False,appendix_c
180,I,3,2,1,1346,14658,321,multi_hop_topological,Expert,True,True,False,False,False,appendix_c
180,J,1,0,1,1889,20020,6224,multi_hop_topological,Expert,False,True,False,False,False,appendix_c
181,H,1,0,1,3304,7621,372,spatial_awareness,High,False,True,False,False,False,appendix_c
181,I,1,0,1,1211,12535,584,spatial_awareness,High,False,True,False,False,False,appendix_c
181,J,3,2,1,1136,17778,6245,spatial_awareness,High,False,True,False,False,False,appendix_c
182,H,1,0,1,3299,6609,397,spatial_awareness,High,False,True,False,False,False,appendix_c
182,I,4,3,1,1203,13770,327,spatial_awareness,High,False,True,False,False,False,appendix_c
182,J,3,2,1,1103,17240,6204,spatial_awareness,High,False,True,False,False,False,appendix_c
183,H,1,1,0,3156,14621,2182,spatial_awareness,High,False,True,False,False,False,appendix_c
183,I,1,1,0,1169,13053,333,spatial_awareness,High,False,True,False,False,False,appendix_c
183,J,4,2,2,1098,17592,7018,spatial_awareness,High,False,False,False,False,False,appendix_c
184,H,7,4,2,3271,13407,577,multi_hop_topological,Expert,True,True,False,False,False,appendix_c
184,I,4,2,2,1533,15255,423,multi_hop_topological,Expert,True,True,False,False,False,appendix_c
184,J,4,3,1,1955,13357,6535,multi_hop_topological,Expert,True,True,False,False,False,appendix_c
185,H,1,0,1,3322,6666,292,spatial_awareness,High,False,True,False,False,False,appendix_c
185,I,3,2,1,1345,6916,296,spatial_awareness,High,False,True,False,False,False,appendix_c
185,J,6,4,2,1809,19434,6675,spatial_awareness,High,False,False,False,False,False,appendix_c
186,H,2,1,1,3221,11700,345,analytical_aggregation,Hard,False,True,False,False,False,appendix_c
186,I,6,4,2,1171,10430,643,analytical_aggregation,Hard,False,False,False,False,False,appendix_c
186,J,4,2,1,1782,20503,6784,analytical_aggregation,Hard,False,True,False,False,False,appendix_c
187,H,1,1,0,3634,12674,337,multi_hop_topological,Expert,False,True,False,False,True,appendix_c
187,I,2,1,1,1694,6957,336,multi_hop_topological,Expert,True,True,False,False,False,appendix_c
187,J,1,0,1,1977,20755,6529,multi_hop_topological,Expert,False,True,False,False,False,appendix_c
188,H,3,2,1,3313,13574,983,multi_hop_topological,Expert,True,True,False,False,False,appendix_c
188,I,6,4,2,1583,13116,349,multi_hop_topological,Expert,True,True,False,False,False,appendix_c
188,J,0,0,0,2380,12918,6164,multi_hop_topological,Expert,False,True,False,False,False,appendix_c
189,H,2,1,1,3253,12267,353,multi_hop_topological,Expert,False,True,False,False,False,appendix_c
189,I,3,2,1,1729,8197,315,multi_hop_topological,Expert,True,True,False,False,False,appendix_c
189,J,8,5,3,1837,11946,6404,multi_hop_topological,Expert,True,False,False,False,False,appendix_c
190,H,1,0,1,3355,7100,340,spatial_awareness,High,False,True,False,False,False,appendix_c
190,I,4,2,2,1322,6491,330,spatial_awareness,High,False,True,False,False,False,appendix_c
190,J,1,1,0,1623,17398,6361,spatial_awareness,High,True,True,False,False,False,appendix_c
191,H,1,1,0,3571,12372,328,multi_hop_topological,Expert,False,True,False,False,True,appendix_c
191,I,1,0,1,1536,6284,314,multi_hop_topological,Expert,False,True,False,False,False,appendix_c
191,J,4,3,1,1827,13022,6142,multi_hop_topological,Expert,False,True,False,False,False,appendix_c
192,H,3,2,1,3272,9720,446,analytical_aggregation,Hard,False,True,False,False,False,appendix_c
192,I,1,1,0,1368,14605,358,analytical_aggregation,Hard,False,True,False,False,False,appendix_c
192,J,1,1,0,2165,18915,6109,analytical_aggregation,Hard,False,True,False,False,False,appendix_c
193,H,7,4,3,3216,9941,322,analytical_aggregation,Hard,False,False,False,False,False,appendix_c
193,I,7,4,2,1185,11377,354,analytical_aggregation,Hard,False,False,False,False,False,appendix_c
193,J,3,2,1,2193,14404,6772,analytical_aggregation,Hard,False,True,False,False,False,appendix_c
194,H,7,5,2,3506,6995,1125,multi_hop_topological,Expert,True,False,False,False,True,appendix_c
194,I,2,1,1,1670,7204,325,multi_hop_topological,Expert,True,True,False,False,False,appendix_c
194,J,4,2,2,1481,17141,6114,multi_hop_topological,Expert,True,True,False,False,False,appendix_c
195,H,1,0,1,3271,13751,342,spatial_awareness,High,False,True,False,False,False,appendix_c
195,I,1,1,0,907,14406,441,spatial_awareness,High,False,True,False,False,False,appendix_c
195,J,1,0,1,1869,12873,6837,spatial_awareness,High,False,True,False,False,False,appendix_c
196,H,3,2,1,3620,9604,429,analytical_aggregation,Hard,False,True,False,False,False,appendix_c
196,I,2,1,1,1468,12120,442,analytical_aggregation,Hard,False,True,False,False,False,appendix_c
196,J,1,1,0,2397,13463,6857,analytical_aggregation,Hard,False,True,False,False,False,appendix_c
197,H,2,1,1,3474,9690,357,analytical_aggregation,Hard,False,True,False,False,False,appendix_c
197,I,6,4,2,1566,7001,365,analytical_aggregation,Hard,True,True,False,False,False,appendix_c
197,J,2,1,1,1852,24424,5901,analytical_aggregation,Hard,False,True,False,False,False,appendix_c
198,H,7,4,2,3379,14089,449,analytical_aggregation,Hard,False,False,False,False,False,appendix_c
198,I,2,1,1,1484,6206,552,analytical_aggregation,Hard,False,True,False,False,False,appendix_c
198,J,3,2,1,1661,13159,6674,analytical_aggregation,Hard,False,True,False,False,False,appendix_c
199,H,1,1,0,3207,15017,326,spatial_awareness,High,False,True,False,False,False,appendix_c
199,I,3,2,1,1338,8633,484,spatial_awareness,High,False,True,False,False,False,appendix_c
199,J,4,2,2,1108,27370,13862,spatial_awareness,High,False,True,False,False,False,appendix_c
